-- phpMyAdmin SQL Dump
-- version 3.3.9
-- http://www.phpmyadmin.net
--
-- Host: localhost
-- Generation Time: May 25, 2013 at 04:16 PM
-- Server version: 5.5.8
-- PHP Version: 5.3.5

SET SQL_MODE="NO_AUTO_VALUE_ON_ZERO";


/*!40101 SET @OLD_CHARACTER_SET_CLIENT=@@CHARACTER_SET_CLIENT */;
/*!40101 SET @OLD_CHARACTER_SET_RESULTS=@@CHARACTER_SET_RESULTS */;
/*!40101 SET @OLD_COLLATION_CONNECTION=@@COLLATION_CONNECTION */;
/*!40101 SET NAMES utf8 */;

--
-- Database: `salon_main`
--

-- --------------------------------------------------------

--
-- Table structure for table `dt_category_service`
--

CREATE TABLE IF NOT EXISTS `dt_category_service` (
  `id` int(11) NOT NULL AUTO_INCREMENT,
  `title` varchar(255) NOT NULL,
  `description` varchar(500) NOT NULL,
  `added_date` datetime NOT NULL,
  `modified_date` datetime NOT NULL,
  `status` tinyint(4) NOT NULL,
  PRIMARY KEY (`id`)
) ENGINE=InnoDB  DEFAULT CHARSET=latin1 AUTO_INCREMENT=13 ;

--
-- Dumping data for table `dt_category_service`
--

INSERT INTO `dt_category_service` (`id`, `title`, `description`, `added_date`, `modified_date`, `status`) VALUES
(1, 'Waxing', 'Waxing', '2013-01-02 00:00:00', '2013-01-02 00:00:00', 1),
(2, 'Make-up', 'Make-up', '2013-01-02 00:00:00', '2013-01-02 00:00:00', 1),
(3, 'Threading', 'Threading', '2013-01-02 00:00:00', '2013-01-02 00:00:00', 1),
(4, 'Bleaching', 'Bleaching', '2013-01-02 00:00:00', '2013-01-02 00:00:00', 1),
(5, 'Hair services', 'Hair services', '2013-01-02 00:00:00', '2013-01-02 00:00:00', 1),
(6, 'Sliming', 'Sliming', '2013-01-02 00:00:00', '2013-01-02 00:00:00', 1),
(7, 'Body treatments', 'Body treatments', '2013-01-02 00:00:00', '2013-01-02 00:00:00', 1),
(8, 'Hand & foot care', 'Hand & foot care', '2013-01-02 00:00:00', '2013-01-02 00:00:00', 1),
(9, 'facials', 'facials', '2013-01-02 00:00:00', '2013-01-02 00:00:00', 1),
(10, 'Special', 'Special', '2013-01-02 00:00:00', '2013-01-02 00:00:00', 1),
(11, 'Hair treatment', 'Hair treatment', '2013-01-02 00:00:00', '2013-01-02 00:00:00', 1),
(12, 'products', 'the merchant extra products', '2013-04-30 15:10:59', '2013-04-30 15:11:03', 1);

-- --------------------------------------------------------

--
-- Table structure for table `dt_citylist`
--

CREATE TABLE IF NOT EXISTS `dt_citylist` (
  `city_id` int(5) NOT NULL,
  `city_name` varchar(50) NOT NULL,
  `latitude` varchar(10) NOT NULL,
  `longitude` varchar(10) NOT NULL,
  `state` varchar(50) NOT NULL,
  PRIMARY KEY (`city_id`)
) ENGINE=MyISAM DEFAULT CHARSET=latin1;

--
-- Dumping data for table `dt_citylist`
--

INSERT INTO `dt_citylist` (`city_id`, `city_name`, `latitude`, `longitude`, `state`) VALUES
(1, 'Port Blair', '11.67 N', '92.76 E', 'Andaman and Nicobar Islands'),
(2, 'Adilabad', '19.68 N', '78.53 E', 'Andhra Pradesh'),
(3, 'Adoni', '15.63 N', '77.28 E', 'Andhra Pradesh'),
(4, 'Alwal', '17.50 N', '78.54 E', 'Andhra Pradesh'),
(5, 'Anakapalle', '17.69 N', '83.00 E', 'Andhra Pradesh'),
(6, 'Anantapur', '14.70 N', '77.59 E', 'Andhra Pradesh'),
(7, 'Bapatla', '15.91 N', '80.47 E', 'Andhra Pradesh'),
(8, 'Belampalli', '19.06 N', '79.49 E', 'Andhra Pradesh'),
(9, 'Bhimavaram', '16.55 N', '81.53 E', 'Andhra Pradesh'),
(10, 'Bhongir', '17.52 N', '78.88 E', 'Andhra Pradesh'),
(11, 'Bobbili', '18.57 N', '83.37 E', 'Andhra Pradesh'),
(12, 'Bodhan', '18.66 N', '77.88 E', 'Andhra Pradesh'),
(13, 'Chilakalurupet', '16.10 N', '80.16 E', 'Andhra Pradesh'),
(14, 'Chinna Chawk', '14.47 N', '78.83 E', 'Andhra Pradesh'),
(15, 'Chirala', '15.84 N', '80.35 E', 'Andhra Pradesh'),
(16, 'Chittur', '13.22 N', '79.10 E', 'Andhra Pradesh'),
(17, 'Cuddapah', '14.48 N', '78.81 E', 'Andhra Pradesh'),
(18, 'Dharmavaram', '14.42 N', '77.71 E', 'Andhra Pradesh'),
(19, 'Dhone', '15.42 N', '77.88 E', 'Andhra Pradesh'),
(20, 'Eluru', '16.72 N', '81.11 E', 'Andhra Pradesh'),
(21, 'Gaddiannaram', '17.36 N', '78.52 E', 'Andhra Pradesh'),
(22, 'Gadwal', '16.23 N', '77.80 E', 'Andhra Pradesh'),
(23, 'Gajuwaka', '17.70 N', '83.21 E', 'Andhra Pradesh'),
(24, 'Gudivada', '16.44 N', '81.00 E', 'Andhra Pradesh'),
(25, 'Gudur', '14.15 N', '79.84 E', 'Andhra Pradesh'),
(26, 'Guntakal', '15.18 N', '77.37 E', 'Andhra Pradesh'),
(27, 'Guntur', '16.31 N', '80.44 E', 'Andhra Pradesh'),
(28, 'Hindupur', '13.83 N', '77.48 E', 'Andhra Pradesh'),
(29, 'Hyderabad', '17.40 N', '78.48 E', 'Andhra Pradesh'),
(30, 'Jagtial', '18.80 N', '78.91 E', 'Andhra Pradesh'),
(31, 'Kadiri', '14.12 N', '78.16 E', 'Andhra Pradesh'),
(32, 'Kagaznagar', '19.34 N', '79.48 E', 'Andhra Pradesh'),
(33, 'Kakinada', '16.96 N', '82.24 E', 'Andhra Pradesh'),
(34, 'Kallur', '15.69 N', '77.77 E', 'Andhra Pradesh'),
(35, 'Kamareddi', '18.32 N', '78.35 E', 'Andhra Pradesh'),
(36, 'Kapra', '17.37 N', '78.48 E', 'Andhra Pradesh'),
(37, 'Karimnagar', '18.45 N', '79.13 E', 'Andhra Pradesh'),
(38, 'Karnul', '15.83 N', '78.03 E', 'Andhra Pradesh'),
(39, 'Kavali', '14.92 N', '79.99 E', 'Andhra Pradesh'),
(40, 'Khammam', '17.25 N', '80.15 E', 'Andhra Pradesh'),
(41, 'Kodar', '16.98 N', '79.97 E', 'Andhra Pradesh'),
(42, 'Kondukur', '15.22 N', '79.91 E', 'Andhra Pradesh'),
(43, 'Koratla', '18.82 N', '78.72 E', 'Andhra Pradesh'),
(44, 'Kottagudem', '17.56 N', '80.64 E', 'Andhra Pradesh'),
(45, 'Kukatpalle', '17.49 N', '78.41 E', 'Andhra Pradesh'),
(46, 'Lalbahadur Nagar', '17.43 N', '78.50 E', 'Andhra Pradesh'),
(47, 'Machilipatnam', '16.19 N', '81.14 E', 'Andhra Pradesh'),
(48, 'Mahbubnagar', '16.74 N', '77.98 E', 'Andhra Pradesh'),
(49, 'Malkajgiri', '17.55 N', '78.59 E', 'Andhra Pradesh'),
(50, 'Mancheral', '18.88 N', '79.45 E', 'Andhra Pradesh'),
(51, 'Mandamarri', '18.97 N', '79.47 E', 'Andhra Pradesh'),
(52, 'Mangalagiri', '16.44 N', '80.56 E', 'Andhra Pradesh'),
(53, 'Markapur', '15.73 N', '79.28 E', 'Andhra Pradesh'),
(54, 'Miryalaguda', '16.87 N', '79.57 E', 'Andhra Pradesh'),
(55, 'Nalgonda', '17.06 N', '79.26 E', 'Andhra Pradesh'),
(56, 'Nandyal', '15.49 N', '78.48 E', 'Andhra Pradesh'),
(57, 'Narasapur', '16.45 N', '81.70 E', 'Andhra Pradesh'),
(58, 'Narasaraopet', '16.24 N', '80.04 E', 'Andhra Pradesh'),
(59, 'Nellur', '14.46 N', '79.98 E', 'Andhra Pradesh'),
(60, 'Nirmal', '19.12 N', '78.35 E', 'Andhra Pradesh'),
(61, 'Nizamabad', '18.68 N', '78.10 E', 'Andhra Pradesh'),
(62, 'Nuzvid', '16.78 N', '80.85 E', 'Andhra Pradesh'),
(63, 'Ongole', '15.50 N', '80.05 E', 'Andhra Pradesh'),
(64, 'Palakollu', '16.52 N', '81.75 E', 'Andhra Pradesh'),
(65, 'Palasa', '18.77 N', '84.42 E', 'Andhra Pradesh'),
(66, 'Palwancha', '17.60 N', '80.68 E', 'Andhra Pradesh'),
(67, 'Patancheru', '17.53 N', '78.27 E', 'Andhra Pradesh'),
(68, 'Piduguralla', '16.48 N', '79.90 E', 'Andhra Pradesh'),
(69, 'Ponnur', '16.07 N', '80.56 E', 'Andhra Pradesh'),
(70, 'Proddatur', '14.73 N', '78.55 E', 'Andhra Pradesh'),
(71, 'Qutubullapur', '17.43 N', '78.47 E', 'Andhra Pradesh'),
(72, 'Rajamahendri', '17.02 N', '81.79 E', 'Andhra Pradesh'),
(73, 'Rajampet', '14.18 N', '79.17 E', 'Andhra Pradesh'),
(74, 'Rajendranagar', '17.29 N', '78.39 E', 'Andhra Pradesh'),
(75, 'Ramachandrapuram', '17.56 N', '78.04 E', 'Andhra Pradesh'),
(76, 'Ramagundam', '18.80 N', '79.45 E', 'Andhra Pradesh'),
(77, 'Rayachoti', '14.05 N', '78.75 E', 'Andhra Pradesh'),
(78, 'Rayadrug', '14.70 N', '76.87 E', 'Andhra Pradesh'),
(79, 'Samalkot', '17.06 N', '82.18 E', 'Andhra Pradesh'),
(80, 'Sangareddi', '17.63 N', '78.08 E', 'Andhra Pradesh'),
(81, 'Sattenapalle', '16.40 N', '80.18 E', 'Andhra Pradesh'),
(82, 'Serilungampalle', '17.48 N', '78.33 E', 'Andhra Pradesh'),
(83, 'Siddipet', '18.11 N', '78.84 E', 'Andhra Pradesh'),
(84, 'Sikandarabad', '17.47 N', '78.52 E', 'Andhra Pradesh'),
(85, 'Sirsilla', '18.40 N', '78.81 E', 'Andhra Pradesh'),
(86, 'Srikakulam', '18.30 N', '83.90 E', 'Andhra Pradesh'),
(87, 'Srikalahasti', '13.76 N', '79.70 E', 'Andhra Pradesh'),
(88, 'Suriapet', '17.15 N', '79.62 E', 'Andhra Pradesh'),
(89, 'Tadepalle', '16.48 N', '80.60 E', 'Andhra Pradesh'),
(90, 'Tadepallegudem', '16.82 N', '81.52 E', 'Andhra Pradesh'),
(91, 'Tadpatri', '14.91 N', '78.00 E', 'Andhra Pradesh'),
(92, 'Tandur', '17.25 N', '77.58 E', 'Andhra Pradesh'),
(93, 'Tanuku', '16.75 N', '81.69 E', 'Andhra Pradesh'),
(94, 'Tenali', '16.24 N', '80.65 E', 'Andhra Pradesh'),
(95, 'Tirupati', '13.63 N', '79.41 E', 'Andhra Pradesh'),
(96, 'Tuni', '17.35 N', '82.55 E', 'Andhra Pradesh'),
(97, 'Uppal Kalan', '17.38 N', '78.55 E', 'Andhra Pradesh'),
(98, 'Vijayawada', '16.52 N', '80.63 E', 'Andhra Pradesh'),
(99, 'Vinukonda', '16.05 N', '79.75 E', 'Andhra Pradesh'),
(100, 'Visakhapatnam', '17.73 N', '83.30 E', 'Andhra Pradesh'),
(101, 'Vizianagaram', '18.12 N', '83.40 E', 'Andhra Pradesh'),
(102, 'Vuyyuru', '16.37 N', '80.85 E', 'Andhra Pradesh'),
(103, 'Wanparti', '16.37 N', '78.07 E', 'Andhra Pradesh'),
(104, 'Warangal', '18.01 N', '79.58 E', 'Andhra Pradesh'),
(105, 'Yemmiganur', '15.73 N', '77.48 E', 'Andhra Pradesh'),
(106, 'Itanagar', '27.14 N', '93.61 E', 'Arunachal Pradesh'),
(107, 'Barpeta', '26.32 N', '91.00 E', 'Assam'),
(108, 'Bongaigaon', '26.48 N', '90.54 E', 'Assam'),
(109, 'Dhuburi', '26.03 N', '89.97 E', 'Assam'),
(110, 'Dibrugarh', '27.49 N', '94.91 E', 'Assam'),
(111, 'Diphu', '25.84 N', '93.43 E', 'Assam'),
(112, 'Guwahati', '26.19 N', '91.75 E', 'Assam'),
(113, 'Jorhat', '26.76 N', '94.20 E', 'Assam'),
(114, 'Karimganj', '24.85 N', '92.36 E', 'Assam'),
(115, 'Lakhimpur', '27.24 N', '94.10 E', 'Assam'),
(116, 'Lanka', '25.93 N', '92.95 E', 'Assam'),
(117, 'Nagaon', '26.35 N', '92.68 E', 'Assam'),
(118, 'Sibsagar', '26.99 N', '94.63 E', 'Assam'),
(119, 'Silchar', '24.83 N', '92.77 E', 'Assam'),
(120, 'Tezpur', '26.63 N', '92.79 E', 'Assam'),
(121, 'Tinsukia', '27.50 N', '95.36 E', 'Assam'),
(122, 'Alipur Duar', '26.50 N', '89.53 E', 'West Bengal'),
(123, 'Arambagh', '22.88 N', '87.78 E', 'West Bengal'),
(124, 'Asansol', '23.69 N', '86.98 E', 'West Bengal'),
(125, 'Ashoknagar Kalyangarh', '22.84 N', '88.63 E', 'West Bengal'),
(126, 'Baharampur', '24.10 N', '88.24 E', 'West Bengal'),
(127, 'Baidyabati', '22.79 N', '88.33 E', 'West Bengal'),
(128, 'Baj Baj', '22.48 N', '88.17 E', 'West Bengal'),
(129, 'Bally', '22.65 N', '88.35 E', 'West Bengal'),
(130, 'Bally Cantonment', '22.65 N', '88.36 E', 'West Bengal'),
(131, 'Balurghat', '25.23 N', '88.77 E', 'West Bengal'),
(132, 'Bangaon', '23.05 N', '88.83 E', 'West Bengal'),
(133, 'Bankra', '22.58 N', '88.31 E', 'West Bengal'),
(134, 'Bankura', '23.24 N', '87.07 E', 'West Bengal'),
(135, 'Bansbaria', '22.95 N', '88.40 E', 'West Bengal'),
(136, 'Baranagar', '22.64 N', '88.37 E', 'West Bengal'),
(137, 'Barddhaman', '23.24 N', '87.86 E', 'West Bengal'),
(138, 'Basirhat', '22.66 N', '88.86 E', 'West Bengal'),
(139, 'Bhadreswar', '22.84 N', '88.35 E', 'West Bengal'),
(140, 'Bhatpara', '22.89 N', '88.42 E', 'West Bengal'),
(141, 'Bidhannagar', '22.57 N', '88.42 E', 'West Bengal'),
(142, 'Binnaguri', '26.74 N', '89.037 E', 'West Bengal'),
(143, 'Bishnupur', '23.08 N', '87.33 E', 'West Bengal'),
(144, 'Bolpur', '23.67 N', '87.70 E', 'West Bengal'),
(145, 'Calcutta', '22.57 N', '88.36 E', 'West Bengal'),
(146, 'Chakdaha', '22.48 N', '88.35 E', 'West Bengal'),
(147, 'Champdani', '22.81 N', '88.34 E', 'West Bengal'),
(148, 'Chandannagar', '22.89 N', '88.37 E', 'West Bengal'),
(149, 'Contai', '21.79 N', '87.75 E', 'West Bengal'),
(150, 'Dabgram', '', '', 'West Bengal'),
(151, 'Darjiling', '27.05 N', '88.26 E', 'West Bengal'),
(152, 'Dhulian', '24.68 N', '87.97 E', 'West Bengal'),
(153, 'Dinhata', '26.13 N', '89.47 E', 'West Bengal'),
(154, 'Dum Dum', '22.63 N', '88.42 E', 'West Bengal'),
(155, 'Durgapur', '23.50 N', '87.31 E', 'West Bengal'),
(156, 'Gangarampur', '25.40 N', '88.52 E', 'West Bengal'),
(157, 'Garulia', '22.83 N', '88.37 E', 'West Bengal'),
(158, 'Gayespur', '22.98 N', '88.51 E', 'West Bengal'),
(159, 'Ghatal', '22.67 N', '87.72 E', 'West Bengal'),
(160, 'Gopalpur', '', '', 'West Bengal'),
(161, 'Habra', '22.84 N', '88.62 E', 'West Bengal'),
(162, 'Halisahar', '22.95 N', '88.42 E', 'West Bengal'),
(163, 'Haora', '22.58 N', '88.33 E', 'West Bengal'),
(164, 'HugliChunchura', '22.91 N', '88.40 E', 'West Bengal'),
(165, 'Ingraj Bazar', '25.01 N', '88.14 E', 'West Bengal'),
(166, 'Islampur', '26.27 N', '88.20 E', 'West Bengal'),
(167, 'Jalpaiguri', '26.53 N', '88.71 E', 'West Bengal'),
(168, 'Jamuria', '23.70 N', '87.08 E', 'West Bengal'),
(169, 'Jangipur', '24.47 N', '88.07 E', 'West Bengal'),
(170, 'Jhargram', '22.45 N', '86.98 E', 'West Bengal'),
(171, 'Kaliyaganj', '25.63 N', '88.32 E', 'West Bengal'),
(172, 'Kalna', '23.22 N', '88.37 E', 'West Bengal'),
(173, 'Kalyani', '22.98 N', '88.48 E', 'West Bengal'),
(174, 'Kamarhati', '22.67 N', '88.37 E', 'West Bengal'),
(175, 'Kanchrapara', '22.95 N', '88.45 E', 'West Bengal'),
(176, 'Kandi', '23.95 N', '88.03 E', 'West Bengal'),
(177, 'Karsiyang', '26.88 N', '88.28 E', 'West Bengal'),
(178, 'Katwa', '23.65 N', '88.13 E', 'West Bengal'),
(179, 'Kharagpur', '22.34 N', '87.31 E', 'West Bengal'),
(180, 'Kharagpur Railway Settlement', '22.34 N', '87.26 E', 'West Bengal'),
(181, 'Khardaha', '22.73 N', '88.38 E', 'West Bengal'),
(182, 'Kharia', '', '', 'West Bengal'),
(183, 'Koch Bihar', '26.33 N', '89.46 E', 'West Bengal'),
(184, 'Konnagar', '22.70 N', '88.36 E', 'West Bengal'),
(185, 'Krishnanagar', '23.41 N', '88.51 E', 'West Bengal'),
(186, 'Kulti', '23.72 N', '86.89 E', 'West Bengal'),
(187, 'Madhyamgram', '22.70 N', '88.45 E', 'West Bengal'),
(188, 'Maheshtala', '22.51 N', '88.23 E', 'West Bengal'),
(189, 'Memari', '23.20 N', '88.12 E', 'West Bengal'),
(190, 'Midnapur', '22.33 N', '87.15 E', 'West Bengal'),
(191, 'Naihati', '22.91 N', '88.43 E', 'West Bengal'),
(192, 'Navadwip', '23.42 N', '88.37 E', 'West Bengal'),
(193, 'Ni Barakpur', '22.77 N', '88.36 E', 'West Bengal'),
(194, 'North Barakpur', '22.78 N', '88.37 E', 'West Bengal'),
(195, 'North Dum Dum', '22.64 N', '88.41 E', 'West Bengal'),
(196, 'Old Maldah', '', '', 'West Bengal'),
(197, 'Panihati', '22.69 N', '88.37 E', 'West Bengal'),
(198, 'Phulia', '23.24 N', '88.50 E', 'West Bengal'),
(199, 'Pujali', '22.47 N', '88.15 E', 'West Bengal'),
(200, 'Puruliya', '23.34 N', '86.36 E', 'West Bengal'),
(201, 'Raiganj', '25.62 N', '88.12 E', 'West Bengal'),
(202, 'Rajpur', '22.44 N', '88.44 E', 'West Bengal'),
(203, 'Rampur Hat', '24.17 N', '87.78 E', 'West Bengal'),
(204, 'Ranaghat', '23.19 N', '88.58 E', 'West Bengal'),
(205, 'Raniganj', '23.62 N', '87.11 E', 'West Bengal'),
(206, 'Rishra', '22.71 N', '88.36 E', 'West Bengal'),
(207, 'Shantipur', '23.26 N', '88.44 E', 'West Bengal'),
(208, 'Shiliguri', '26.73 N', '88.42 E', 'West Bengal'),
(209, 'Shrirampur', '22.74 N', '88.35 E', 'West Bengal'),
(210, 'Siuri', '23.91 N', '87.53 E', 'West Bengal'),
(211, 'South Dum Dum', '22.61 N', '88.41 E', 'West Bengal'),
(212, 'Titagarh', '22.74 N', '88.38 E', 'West Bengal'),
(213, 'Ulubaria', '22.47 N', '88.11 E', 'West Bengal'),
(214, 'UttarparaKotrung', '22.66 N', '88.35 E', 'West Bengal'),
(215, 'Araria', '26.15 N', '87.52 E', 'Bihar'),
(216, 'Arrah', '25.56 N', '84.66 E', 'Bihar'),
(217, 'Aurangabad', '24.75 N', '84.37 E', 'Bihar'),
(218, 'Bagaha', '27.10 N', '84.09 E', 'Bihar'),
(219, 'Begusarai', '25.42 N', '86.12 E', 'Bihar'),
(220, 'Bettiah', '26.81 N', '84.50 E', 'Bihar'),
(221, 'Bhabua', '25.05 N', '83.62 E', 'Bihar'),
(222, 'Bhagalpur', '25.26 N', '86.98 E', 'Bihar'),
(223, 'Bihar', '25.21 N', '85.52 E', 'Bihar'),
(224, 'Buxar', '25.58 N', '83.98 E', 'Bihar'),
(225, 'Chhapra', '25.78 N', '84.72 E', 'Bihar'),
(226, 'Darbhanga', '26.16 N', '85.88 E', 'Bihar'),
(227, 'Dehri', '24.91 N', '84.18 E', 'Bihar'),
(228, 'DighaMainpura', '', '', 'Bihar'),
(229, 'Dinapur', '25.64 N', '85.04 E', 'Bihar'),
(230, 'Dumraon', '25.55 N', '84.15 E', 'Bihar'),
(231, 'Gaya', '24.81 N', '85.00 E', 'Bihar'),
(232, 'Gopalganj', '26.47 N', '84.43 E', 'Bihar'),
(233, 'Goura', '', '', 'Bihar'),
(234, 'Hajipur', '', '', 'Bihar'),
(235, 'Jahanabad', '25.22 N', '84.98 E', 'Bihar'),
(236, 'Jamalpur', '25.32 N', '86.48 E', 'Bihar'),
(237, 'Jamui', '24.92 N', '86.22 E', 'Bihar'),
(238, 'Katihar', '25.55 N', '87.57 E', 'Bihar'),
(239, 'Khagaria', '25.50 N', '86.48 E', 'Bihar'),
(240, 'Khagaul', '25.58 N', '85.05 E', 'Bihar'),
(241, 'Kishanganj', '26.11 N', '87.95 E', 'Bihar'),
(242, 'Lakhisarai', '25.18 N', '86.09 E', 'Bihar'),
(243, 'Madhipura', '25.92 N', '86.78 E', 'Bihar'),
(244, 'Madhubani', '26.37 N', '86.06 E', 'Bihar'),
(245, 'Masaurhi', '25.35 N', '85.03 E', 'Bihar'),
(246, 'Mokama', '25.40 N', '85.92 E', 'Bihar'),
(247, 'Motihari', '26.66 N', '84.91 E', 'Bihar'),
(248, 'Munger', '25.39 N', '86.47 E', 'Bihar'),
(249, 'Muzaffarpur', '26.13 N', '85.38 E', 'Bihar'),
(250, 'Nawada', '24.88 N', '85.54 E', 'Bihar'),
(251, 'Patna', '25.62 N', '85.13 E', 'Bihar'),
(252, 'Phulwari', '25.60 N', '85.13 E', 'Bihar'),
(253, 'Purnia', '25.78 N', '87.47 E', 'Bihar'),
(254, 'Raxaul', '26.98 N', '84.85 E', 'Bihar'),
(255, 'Saharsa', '25.88 N', '86.59 E', 'Bihar'),
(256, 'Samastipur', '25.85 N', '85.78 E', 'Bihar'),
(257, 'Sasaram', '24.96 N', '84.01 E', 'Bihar'),
(258, 'Sitamarhi', '26.61 N', '85.48 E', 'Bihar'),
(259, 'Siwan', '26.23 N', '84.35 E', 'Bihar'),
(260, 'Supaul', '26.12 N', '86.60 E', 'Bihar'),
(261, 'Chandigarh', '30.75 N', '76.78 E', 'Chandigarh'),
(262, 'Ambikapur', '23.13 N', '83.20 E', 'Chhattisgarh'),
(263, 'Bhilai', '21.21 N', '81.38 E', 'Chhattisgarh'),
(264, 'Bilaspur', '22.09 N', '82.15 E', 'Chhattisgarh'),
(265, 'Charoda', '21.23 N', '81.50 E', 'Chhattisgarh'),
(266, 'Chirmiri', '23.21 N', '82.41 E', 'Chhattisgarh'),
(267, 'Dhamtari', '20.71 N', '81.55 E', 'Chhattisgarh'),
(268, 'Durg', '21.20 N', '81.28 E', 'Chhattisgarh'),
(269, 'Jagdalpur', '19.09 N', '82.03 E', 'Chhattisgarh'),
(270, 'Korba', '22.35 N', '82.69 E', 'Chhattisgarh'),
(271, 'Raigarh', '21.90 N', '83.39 E', 'Chhattisgarh'),
(272, 'Raipur', '21.24 N', '81.63 E', 'Chhattisgarh'),
(273, 'Rajnandgaon', '21.10 N', '81.04 E', 'Chhattisgarh'),
(274, 'Bhalswa Jahangirpur', '28.74 N', '77.17 E', 'Delhi'),
(275, 'Burari', '', '', 'Delhi'),
(276, 'Chilla Saroda Bangar', '', '', 'Delhi'),
(277, 'Dallo Pura', '', '', 'Delhi'),
(278, 'Delhi', '28.67 N', '77.21 E', 'Delhi'),
(279, 'Deoli', '28.49 N', '77.22 E', 'Delhi'),
(280, 'Dilli Cantonment', '28.57 N', '77.16 E', 'Delhi'),
(281, 'Gharoli', '', '', 'Delhi'),
(282, 'Gokalpur', '28.71 N', '77.28 E', 'Delhi'),
(283, 'Hastsal', '', '', 'Delhi'),
(284, 'Jaffrabad', '', '', 'Delhi'),
(285, 'Karawal Nagar', '', '', 'Delhi'),
(286, 'Khajuri Khas', '', '', 'Delhi'),
(287, 'Kirari Suleman Nagar', '', '', 'Delhi'),
(288, 'Mandoli', '', '', 'Delhi'),
(289, 'Mithe Pur', '', '', 'Delhi'),
(290, 'Molarband', '', '', 'Delhi'),
(291, 'Mundka', '', '', 'Delhi'),
(292, 'Mustafabad', '', '', 'Delhi'),
(293, 'Nangloi Jat', '28.68 N', '77.07 E', 'Delhi'),
(294, 'Ni Dilli', '28.60 N', '77.22 E', 'Delhi'),
(295, 'Pul Pehlad', '', '', 'Delhi'),
(296, 'Puth Kalan', '', '', 'Delhi'),
(297, 'Roshan Pura', '28.60 N', '76.99 E', 'Delhi'),
(298, 'Sadat Pur Gujran', '', '', 'Delhi'),
(299, 'Sultanpur Majra', '28.76 N', '77.06 E', 'Delhi'),
(300, 'Tajpul', '', '', 'Delhi'),
(301, 'Tigri', '28.50 N', '77.22 E', 'Delhi'),
(302, 'Ziauddin Pur', '', '', 'Delhi'),
(303, 'Madgaon', '15.28 N', '73.94 E', 'Goa'),
(304, 'Mormugao', '15.42 N', '73.78 E', 'Goa'),
(305, 'Panaji', '15.50 N', '73.81 E', 'Goa'),
(306, 'Ahmadabad', '23.03 N', '72.58 E', 'Gujarat'),
(307, 'Amreli', '21.61 N', '71.22 E', 'Gujarat'),
(308, 'Anand', '22.56 N', '72.95 E', 'Gujarat'),
(309, 'Anjar', '23.12 N', '70.02 E', 'Gujarat'),
(310, 'Bardoli', '21.12 N', '73.12 E', 'Gujarat'),
(311, 'Bharuch', '21.71 N', '72.97 E', 'Gujarat'),
(312, 'Bhavnagar', '21.79 N', '72.13 E', 'Gujarat'),
(313, 'Bhuj', '23.26 N', '69.66 E', 'Gujarat'),
(314, 'Borsad', '22.42 N', '72.90 E', 'Gujarat'),
(315, 'Botad', '22.18 N', '71.66 E', 'Gujarat'),
(316, 'Chandkheda', '23.15 N', '72.61 E', 'Gujarat'),
(317, 'Chandlodiya', '23.10 N', '72.56 E', 'Gujarat'),
(318, 'Dabhoi', '22.13 N', '73.41 E', 'Gujarat'),
(319, 'Dahod', '22.84 N', '74.25 E', 'Gujarat'),
(320, 'Dholka', '22.74 N', '72.44 E', 'Gujarat'),
(321, 'Dhoraji', '21.74 N', '70.44 E', 'Gujarat'),
(322, 'Dhrangadhra', '23.00 N', '71.46 E', 'Gujarat'),
(323, 'Disa', '24.26 N', '72.18 E', 'Gujarat'),
(324, 'Gandhidham', '23.07 N', '70.13 E', 'Gujarat'),
(325, 'Gandhinagar', '23.30 N', '72.63 E', 'Gujarat'),
(326, 'Ghatlodiya', '23.05 N', '72.55 E', 'Gujarat'),
(327, 'Godhra', '22.77 N', '73.60 E', 'Gujarat'),
(328, 'Gondal', '21.97 N', '70.80 E', 'Gujarat'),
(329, 'Himatnagar', '23.60 N', '72.96 E', 'Gujarat'),
(330, 'Jamnagar', '22.47 N', '70.07 E', 'Gujarat'),
(331, 'Jamnagar', '', '', 'Gujarat'),
(332, 'Jetpur', '21.75 N', '70.61 E', 'Gujarat'),
(333, 'Junagadh', '21.52 N', '70.45 E', 'Gujarat'),
(334, 'Kalol', '23.25 N', '72.49 E', 'Gujarat'),
(335, 'Keshod', '21.31 N', '70.23 E', 'Gujarat'),
(336, 'Khambhat', '22.32 N', '72.61 E', 'Gujarat'),
(337, 'Kundla', '21.35 N', '71.30 E', 'Gujarat'),
(338, 'Mahuva', '21.10 N', '71.75 E', 'Gujarat'),
(339, 'Mangrol', '21.12 N', '70.12 E', 'Gujarat'),
(340, 'Modasa', '23.47 N', '73.30 E', 'Gujarat'),
(341, 'Morvi', '22.82 N', '70.83 E', 'Gujarat'),
(342, 'Nadiad', '22.70 N', '72.85 E', 'Gujarat'),
(343, 'Navagam Ghed', '', '', 'Gujarat'),
(344, 'Navsari', '20.96 N', '72.92 E', 'Gujarat'),
(345, 'Palitana', '21.52 N', '71.83 E', 'Gujarat'),
(346, 'Patan', '23.86 N', '72.11 E', 'Gujarat'),
(347, 'Porbandar', '21.65 N', '69.60 E', 'Gujarat'),
(348, 'Puna', '', '', 'Gujarat'),
(349, 'Rajkot', '22.31 N', '70.79 E', 'Gujarat'),
(350, 'Ramod', '', '', 'Gujarat'),
(351, 'Ranip', '23.03 N', '72.54 E', 'Gujarat'),
(352, 'Siddhapur', '23.92 N', '72.37 E', 'Gujarat'),
(353, 'Sihor', '21.70 N', '71.97 E', 'Gujarat'),
(354, 'Surat', '21.20 N', '72.82 E', 'Gujarat'),
(355, 'Surendranagar', '22.71 N', '71.67 E', 'Gujarat'),
(356, 'Thaltej', '', '', 'Gujarat'),
(357, 'Una', '20.82 N', '71.03 E', 'Gujarat'),
(358, 'Unjha', '23.81 N', '72.38 E', 'Gujarat'),
(359, 'Upleta', '21.75 N', '70.27 E', 'Gujarat'),
(360, 'Vadodara', '22.31 N', '73.18 E', 'Gujarat'),
(361, 'Valsad', '20.62 N', '72.92 E', 'Gujarat'),
(362, 'Vapi', '20.37 N', '72.90 E', 'Gujarat'),
(363, 'Vastral', '', '', 'Gujarat'),
(364, 'Vejalpur', '', '', 'Gujarat'),
(365, 'Veraval', '20.92 N', '70.34 E', 'Gujarat'),
(366, 'Vijalpor', '', '', 'Gujarat'),
(367, 'Visnagar', '23.71 N', '72.54 E', 'Gujarat'),
(368, 'Wadhwan', '22.73 N', '71.72 E', 'Gujarat'),
(369, 'Ambala', '30.38 N', '76.77 E', 'Haryana'),
(370, 'Ambala Cantonment', '30.39 N', '76.86 E', 'Haryana'),
(371, 'Ambala Sadar', '30.35 N', '76.84 E', 'Haryana'),
(372, 'Bahadurgarh', '28.69 N', '76.92 E', 'Haryana'),
(373, 'Bhiwani', '28.81 N', '76.12 E', 'Haryana'),
(374, 'Charkhi Dadri', '28.60 N', '76.27 E', 'Haryana'),
(375, 'Dabwali', '29.95 N', '74.73 E', 'Haryana'),
(376, 'Faridabad', '28.38 N', '77.30 E', 'Haryana'),
(377, 'Gohana', '29.13 N', '76.70 E', 'Haryana'),
(378, 'Hisar', '29.17 N', '75.72 E', 'Haryana'),
(379, 'Jagadhri', '30.18 N', '77.29 E', 'Haryana'),
(380, 'Jind', '29.31 N', '76.30 E', 'Haryana'),
(381, 'Kaithal', '29.81 N', '76.40 E', 'Haryana'),
(382, 'Karnal', '29.69 N', '76.97 E', 'Haryana'),
(383, 'Narnaul', '28.04 N', '76.10 E', 'Haryana'),
(384, 'Narwana', '29.62 N', '76.12 E', 'Haryana'),
(385, 'Palwal', '28.15 N', '77.32 E', 'Haryana'),
(386, 'Panchkula', '30.70 N', '76.88 E', 'Haryana'),
(387, 'Panipat', '29.39 N', '76.96 E', 'Haryana'),
(388, 'Rewari', '28.19 N', '76.60 E', 'Haryana'),
(389, 'Rohtak', '28.90 N', '76.58 E', 'Haryana'),
(390, 'Sirsa', '29.53 N', '75.03 E', 'Haryana'),
(391, 'Sonipat', '28.99 N', '77.01 E', 'Haryana'),
(392, 'Thanesar', '29.98 N', '76.82 E', 'Haryana'),
(393, 'Tohana', '29.70 N', '75.90 E', 'Haryana'),
(394, 'Yamunanagar', '30.14 N', '77.28 E', 'Haryana'),
(395, 'Shimla', '31.11 N', '77.16 E', 'Himachal Pradesh'),
(396, 'Anantnag', '33.73 N', '75.15 E', 'Jammu and Kashmir'),
(397, 'Baramula', '34.20 N', '74.35 E', 'Jammu and Kashmir'),
(398, 'Bari Brahmana', '', '', 'Jammu and Kashmir'),
(399, 'Jammu', '32.71 N', '74.85 E', 'Jammu and Kashmir'),
(400, 'Kathua', '32.37 N', '75.52 E', 'Jammu and Kashmir'),
(401, 'Sopur', '34.30 N', '74.47 E', 'Jammu and Kashmir'),
(402, 'Srinagar', '34.09 N', '74.79 E', 'Jammu and Kashmir'),
(403, 'Udhampur', '32.93 N', '75.13 E', 'Jammu and Kashmir'),
(404, 'Adityapur', '22.80 N', '86.04 E', 'Jharkhand'),
(405, 'Bagbahra', '22.82 N', '86.20 E', 'Jharkhand'),
(406, 'Bhuli', '23.79 N', '86.38 E', 'Jharkhand'),
(407, 'Bokaro', '23.78 N', '85.96 E', 'Jharkhand'),
(408, 'Chaibasa', '22.56 N', '85.80 E', 'Jharkhand'),
(409, 'Chas', '23.65 N', '86.17 E', 'Jharkhand'),
(410, 'Daltenganj', '24.05 N', '84.06 E', 'Jharkhand'),
(411, 'Devghar', '24.49 N', '86.69 E', 'Jharkhand'),
(412, 'Dhanbad', '23.80 N', '86.42 E', 'Jharkhand'),
(413, 'Hazaribag', '24.01 N', '85.36 E', 'Jharkhand'),
(414, 'Jamshedpur', '22.79 N', '86.20 E', 'Jharkhand'),
(415, 'Jharia', '23.76 N', '86.42 E', 'Jharkhand'),
(416, 'Jhumri Tilaiya', '24.43 N', '85.52 E', 'Jharkhand'),
(417, 'Jorapokhar', '23.79 N', '86.36 E', 'Jharkhand'),
(418, 'Katras', '23.80 N', '86.28 E', 'Jharkhand'),
(419, 'Lohardaga', '23.43 N', '84.68 E', 'Jharkhand'),
(420, 'Mango', '22.85 N', '86.21 E', 'Jharkhand'),
(421, 'Phusro', '23.68 N', '85.86 E', 'Jharkhand'),
(422, 'Ramgarh', '23.63 N', '85.51 E', 'Jharkhand'),
(423, 'Ranchi', '23.36 N', '85.33 E', 'Jharkhand'),
(424, 'Sahibganj', '25.25 N', '87.62 E', 'Jharkhand'),
(425, 'Saunda', '23.64 N', '85.37 E', 'Jharkhand'),
(426, 'Sindari', '23.68 N', '86.49 E', 'Jharkhand'),
(427, 'Bagalkot', '16.19 N', '75.69 E', 'Karnataka'),
(428, 'Bangalore', '12.97 N', '77.56 E', 'Karnataka'),
(429, 'Basavakalyan', '17.87 N', '76.95 E', 'Karnataka'),
(430, 'Belgaum', '15.86 N', '74.50 E', 'Karnataka'),
(431, 'Bellary', '15.14 N', '76.91 E', 'Karnataka'),
(432, 'Bhadravati', '13.84 N', '75.69 E', 'Karnataka'),
(433, 'Bidar', '17.92 N', '77.52 E', 'Karnataka'),
(434, 'Bijapur', '16.83 N', '75.71 E', 'Karnataka'),
(435, 'Bommanahalli', '13.01 N', '77.63 E', 'Karnataka'),
(436, 'Byatarayanapura', '', '', 'Karnataka'),
(437, 'Challakere', '14.32 N', '76.65 E', 'Karnataka'),
(438, 'Chamrajnagar', '11.92 N', '76.95 E', 'Karnataka'),
(439, 'Channapatna', '12.66 N', '77.19 E', 'Karnataka'),
(440, 'Chik Ballapur', '13.47 N', '77.73 E', 'Karnataka'),
(441, 'Chikmagalur', '13.32 N', '75.76 E', 'Karnataka'),
(442, 'Chintamani', '13.40 N', '78.05 E', 'Karnataka'),
(443, 'Chitradurga', '14.23 N', '76.39 E', 'Karnataka'),
(444, 'Dasarahalli', '13.01 N', '77.49 E', 'Karnataka'),
(445, 'Davanagere', '14.46 N', '75.92 E', 'Karnataka'),
(446, 'Dod Ballapur', '13.30 N', '77.52 E', 'Karnataka'),
(447, 'Gadag', '15.44 N', '75.63 E', 'Karnataka'),
(448, 'Gangawati', '15.44 N', '76.52 E', 'Karnataka'),
(449, 'Gokak', '16.18 N', '74.81 E', 'Karnataka'),
(450, 'Gulbarga', '17.34 N', '76.82 E', 'Karnataka'),
(451, 'Harihar', '14.52 N', '75.80 E', 'Karnataka'),
(452, 'Hassan', '13.01 N', '76.08 E', 'Karnataka'),
(453, 'Haveri', '14.80 N', '75.40 E', 'Karnataka'),
(454, 'Hiriyur', '13.97 N', '76.60 E', 'Karnataka'),
(455, 'Hosakote', '', '', 'Karnataka'),
(456, 'Hospet', '15.28 N', '76.37 E', 'Karnataka'),
(457, 'Hubli', '15.36 N', '75.13 E', 'Karnataka'),
(458, 'Ilkal', '15.97 N', '76.13 E', 'Karnataka'),
(459, 'Jamkhandi', '16.51 N', '75.28 E', 'Karnataka'),
(460, 'Kanakapura', '12.54 N', '77.42 E', 'Karnataka'),
(461, 'Karwar', '14.82 N', '74.12 E', 'Karnataka'),
(462, 'Kolar', '13.14 N', '78.13 E', 'Karnataka'),
(463, 'Kollegal', '12.15 N', '77.12 E', 'Karnataka'),
(464, 'Koppal', '15.35 N', '76.15 E', 'Karnataka'),
(465, 'Krishnarajapura', '12.97 N', '77.74 E', 'Karnataka'),
(466, 'Mahadevapura', '', '', 'Karnataka'),
(467, 'Maisuru', '12.31 N', '76.65 E', 'Karnataka'),
(468, 'Mandya', '12.54 N', '76.89 E', 'Karnataka'),
(469, 'Mangaluru', '12.88 N', '74.84 E', 'Karnataka'),
(470, 'Nipani', '16.41 N', '74.38 E', 'Karnataka'),
(471, 'Pattanagere', '', '', 'Karnataka'),
(472, 'Puttur', '12.77 N', '75.22 E', 'Karnataka'),
(473, 'Rabkavi', '16.47 N', '75.11 E', 'Karnataka'),
(474, 'Raichur', '16.21 N', '77.35 E', 'Karnataka'),
(475, 'Ramanagaram', '12.72 N', '77.27 E', 'Karnataka'),
(476, 'Ranibennur', '14.62 N', '75.61 E', 'Karnataka'),
(477, 'Robertsonpet', '12.97 N', '78.28 E', 'Karnataka'),
(478, 'Sagar', '14.17 N', '75.03 E', 'Karnataka'),
(479, 'Shahabad', '17.13 N', '76.93 E', 'Karnataka'),
(480, 'Shahpur', '16.70 N', '76.83 E', 'Karnataka'),
(481, 'Shimoga', '13.93 N', '75.57 E', 'Karnataka'),
(482, 'Shorapur', '16.52 N', '76.75 E', 'Karnataka'),
(483, 'Sidlaghatta', '13.38 N', '77.87 E', 'Karnataka'),
(484, 'Sira', '13.75 N', '76.90 E', 'Karnataka'),
(485, 'Sirsi', '14.62 N', '74.85 E', 'Karnataka'),
(486, 'Tiptur', '13.27 N', '76.48 E', 'Karnataka'),
(487, 'Tumkur', '13.34 N', '77.10 E', 'Karnataka'),
(488, 'Udupi', '13.35 N', '74.75 E', 'Karnataka'),
(489, 'Ullal', '12.80 N', '74.85 E', 'Karnataka'),
(490, 'Yadgir', '16.77 N', '77.13 E', 'Karnataka'),
(491, 'Yelahanka', '13.10 N', '77.60 E', 'Karnataka'),
(492, 'Alappuzha', '9.50 N', '76.33 E', 'Kerala'),
(493, 'Beypur', '11.18 N', '75.82 E', 'Kerala'),
(494, 'Cheruvannur', '11.21 N', '75.84 E', 'Kerala'),
(495, 'Edakkara', '', '', 'Kerala'),
(496, 'Edathala', '10.03 N', '76.32 E', 'Kerala'),
(497, 'Kalamassery', '10.05 N', '76.27 E', 'Kerala'),
(498, 'Kannan Devan Hills', '', '', 'Kerala'),
(499, 'Kannangad', '12.34 N', '75.09 E', 'Kerala'),
(500, 'Kannur', '11.86 N', '75.35 E', 'Kerala'),
(501, 'Kayankulam', '9.17 N', '76.49 E', 'Kerala'),
(502, 'Kochi', '10.02 N', '76.22 E', 'Kerala'),
(503, 'Kollam', '8.89 N', '76.58 E', 'Kerala'),
(504, 'Kottayam', '9.60 N', '76.52 E', 'Kerala'),
(505, 'Koyilandi', '11.43 N', '75.70 E', 'Kerala'),
(506, 'Kozhikkod', '11.26 N', '75.78 E', 'Kerala'),
(507, 'Kunnamkulam', '10.65 N', '76.08 E', 'Kerala'),
(508, 'Malappuram', '11.07 N', '76.06 E', 'Kerala'),
(509, 'Manjeri', '11.12 N', '76.11 E', 'Kerala'),
(510, 'Nedumangad', '8.61 N', '77.00 E', 'Kerala'),
(511, 'Neyyattinkara', '8.40 N', '77.08 E', 'Kerala'),
(512, 'Palakkad', '10.78 N', '76.65 E', 'Kerala'),
(513, 'Pallichal', '', '', 'Kerala'),
(514, 'Payyannur', '12.10 N', '75.19 E', 'Kerala'),
(515, 'Ponnani', '10.78 N', '75.92 E', 'Kerala'),
(516, 'Talipparamba', '12.03 N', '75.36 E', 'Kerala'),
(517, 'Thalassery', '11.75 N', '75.49 E', 'Kerala'),
(518, 'Thiruvananthapuram', '8.51 N', '76.95 E', 'Kerala'),
(519, 'Thrippunithura', '9.94 N', '76.35 E', 'Kerala'),
(520, 'Thrissur', '10.52 N', '76.21 E', 'Kerala'),
(521, 'Tirur', '10.91 N', '75.92 E', 'Kerala'),
(522, 'Tiruvalla', '9.39 N', '76.57 E', 'Kerala'),
(523, 'Vadakara', '11.61 N', '75.58 E', 'Kerala'),
(524, 'Ashoknagar', '24.57 N', '77.72 E', 'Madhya Pradesh'),
(525, 'Balaghat', '21.80 N', '80.18 E', 'Madhya Pradesh'),
(526, 'Basoda', '23.85 N', '77.93 E', 'Madhya Pradesh'),
(527, 'Betul', '21.92 N', '77.90 E', 'Madhya Pradesh'),
(528, 'Bhind', '26.57 N', '78.77 E', 'Madhya Pradesh'),
(529, 'Bhopal', '23.24 N', '77.40 E', 'Madhya Pradesh'),
(530, 'BinaEtawa', '24.20 N', '78.20 E', 'Madhya Pradesh'),
(531, 'Burhanpur', '21.33 N', '76.22 E', 'Madhya Pradesh'),
(532, 'Chhatarpur', '24.92 N', '79.58 E', 'Madhya Pradesh'),
(533, 'Chhindwara', '22.07 N', '78.94 E', 'Madhya Pradesh'),
(534, 'Dabra', '25.90 N', '78.33 E', 'Madhya Pradesh'),
(535, 'Damoh', '23.85 N', '79.44 E', 'Madhya Pradesh'),
(536, 'Datia', '25.67 N', '78.45 E', 'Madhya Pradesh'),
(537, 'Dewas', '22.97 N', '76.05 E', 'Madhya Pradesh'),
(538, 'Dhar', '22.60 N', '75.29 E', 'Madhya Pradesh'),
(539, 'Gohad', '26.43 N', '78.45 E', 'Madhya Pradesh'),
(540, 'Guna', '24.65 N', '77.30 E', 'Madhya Pradesh'),
(541, 'Gwalior', '26.23 N', '78.17 E', 'Madhya Pradesh'),
(542, 'Harda', '22.33 N', '77.11 E', 'Madhya Pradesh'),
(543, 'Hoshangabad', '22.75 N', '77.71 E', 'Madhya Pradesh'),
(544, 'Indore', '22.72 N', '75.86 E', 'Madhya Pradesh'),
(545, 'Itarsi', '22.62 N', '77.76 E', 'Madhya Pradesh'),
(546, 'Jabalpur', '23.17 N', '79.94 E', 'Madhya Pradesh'),
(547, 'Jabalpur Cantonment', '23.16 N', '79.95 E', 'Madhya Pradesh'),
(548, 'Jaora', '23.64 N', '75.11 E', 'Madhya Pradesh'),
(549, 'Khandwa', '21.83 N', '76.35 E', 'Madhya Pradesh'),
(550, 'Khargone', '21.83 N', '75.60 E', 'Madhya Pradesh'),
(551, 'Mandidip', '23.10 N', '77.52 E', 'Madhya Pradesh'),
(552, 'Mandsaur', '24.07 N', '75.07 E', 'Madhya Pradesh'),
(553, 'Mau', '22.56 N', '75.75 E', 'Madhya Pradesh'),
(554, 'Morena', '26.51 N', '77.99 E', 'Madhya Pradesh'),
(555, 'Murwara', '23.85 N', '80.39 E', 'Madhya Pradesh'),
(556, 'Nagda', '23.46 N', '75.42 E', 'Madhya Pradesh'),
(557, 'Nimach', '24.47 N', '74.87 E', 'Madhya Pradesh'),
(558, 'Pithampur', '', '', 'Madhya Pradesh'),
(559, 'Raghogarh', '24.45 N', '77.20 E', 'Madhya Pradesh'),
(560, 'Ratlam', '23.35 N', '75.03 E', 'Madhya Pradesh'),
(561, 'Rewa', '24.53 N', '81.29 E', 'Madhya Pradesh'),
(562, 'Sagar', '23.85 N', '78.75 E', 'Madhya Pradesh'),
(563, 'Sarni', '22.04 N', '78.27 E', 'Madhya Pradesh'),
(564, 'Satna', '24.58 N', '80.83 E', 'Madhya Pradesh'),
(565, 'Sehore', '23.20 N', '77.08 E', 'Madhya Pradesh'),
(566, 'Sendhwa', '21.68 N', '75.10 E', 'Madhya Pradesh'),
(567, 'Seoni', '22.10 N', '79.55 E', 'Madhya Pradesh'),
(568, 'Shahdol', '23.30 N', '81.36 E', 'Madhya Pradesh'),
(569, 'Shajapur', '23.43 N', '76.27 E', 'Madhya Pradesh'),
(570, 'Sheopur', '25.67 N', '76.70 E', 'Madhya Pradesh'),
(571, 'Shivapuri', '25.43 N', '77.65 E', 'Madhya Pradesh'),
(572, 'Sidhi', '24.42 N', '81.88 E', 'Madhya Pradesh'),
(573, 'Singrauli', '23.84 N', '82.27 E', 'Madhya Pradesh'),
(574, 'Tikamgarh', '24.74 N', '78.83 E', 'Madhya Pradesh'),
(575, 'Ujjain', '23.19 N', '75.78 E', 'Madhya Pradesh'),
(576, 'Vidisha', '23.53 N', '77.80 E', 'Madhya Pradesh'),
(577, 'Achalpur', '21.26 N', '77.50 E', 'Maharashtra'),
(578, 'Ahmadnagar', '19.10 N', '74.74 E', 'Maharashtra'),
(579, 'Akola', '20.71 N', '77.00 E', 'Maharashtra'),
(580, 'Akot', '21.10 N', '77.05 E', 'Maharashtra'),
(581, 'Amalner', '21.05 N', '75.06 E', 'Maharashtra'),
(582, 'Ambajogai', '18.73 N', '76.38 E', 'Maharashtra'),
(583, 'Amravati', '20.95 N', '77.76 E', 'Maharashtra'),
(584, 'Anjangaon', '21.16 N', '77.31 E', 'Maharashtra'),
(585, 'Aurangabad', '19.89 N', '75.32 E', 'Maharashtra'),
(586, 'Badlapur', '19.15 N', '73.27 E', 'Maharashtra'),
(587, 'Ballarpur', '19.85 N', '79.35 E', 'Maharashtra'),
(588, 'Baramati', '18.15 N', '74.58 E', 'Maharashtra'),
(589, 'Barsi', '18.24 N', '75.69 E', 'Maharashtra'),
(590, 'Basmat', '19.32 N', '77.17 E', 'Maharashtra'),
(591, 'Bhadravati', '20.11 N', '79.12 E', 'Maharashtra'),
(592, 'Bhandara', '21.18 N', '79.65 E', 'Maharashtra'),
(593, 'Bhiwandi', '19.30 N', '73.05 E', 'Maharashtra'),
(594, 'Bhusawal', '21.05 N', '75.78 E', 'Maharashtra'),
(595, 'Bid', '18.99 N', '75.76 E', 'Maharashtra'),
(596, 'Mumbai', '18.96 N', '72.82 E', 'Maharashtra'),
(597, 'Buldana', '20.54 N', '76.18 E', 'Maharashtra'),
(598, 'Chalisgaon', '20.46 N', '74.99 E', 'Maharashtra'),
(599, 'Chandrapur', '19.96 N', '79.30 E', 'Maharashtra'),
(600, 'Chikhli', '20.35 N', '76.25 E', 'Maharashtra'),
(601, 'Chiplun', '17.53 N', '73.52 E', 'Maharashtra'),
(602, 'Chopda', '21.25 N', '75.28 E', 'Maharashtra'),
(603, 'Dahanu', '19.97 N', '72.73 E', 'Maharashtra'),
(604, 'Deolali', '19.95 N', '73.84 E', 'Maharashtra'),
(605, 'Dhule', '20.90 N', '74.77 E', 'Maharashtra'),
(606, 'Digdoh', '', '', 'Maharashtra'),
(607, 'Diglur', '18.55 N', '77.60 E', 'Maharashtra'),
(608, 'Gadchiroli', '20.17 N', '80.00 E', 'Maharashtra'),
(609, 'Gondiya', '21.47 N', '80.20 E', 'Maharashtra'),
(610, 'Hinganghat', '20.56 N', '78.83 E', 'Maharashtra'),
(611, 'Hingoli', '19.72 N', '77.14 E', 'Maharashtra'),
(612, 'Ichalkaranji', '16.69 N', '74.46 E', 'Maharashtra'),
(613, 'Jalgaon', '21.01 N', '75.56 E', 'Maharashtra'),
(614, 'Jalna', '19.85 N', '75.88 E', 'Maharashtra'),
(615, 'Kalyan', '19.25 N', '73.16 E', 'Maharashtra'),
(616, 'Kamthi', '21.23 N', '79.20 E', 'Maharashtra'),
(617, 'Karanja', '20.48 N', '77.48 E', 'Maharashtra'),
(618, 'Khadki', '18.57 N', '73.83 E', 'Maharashtra'),
(619, 'Khamgaon', '20.70 N', '76.56 E', 'Maharashtra'),
(620, 'Khopoli', '18.78 N', '73.33 E', 'Maharashtra'),
(621, 'Kolhapur', '16.70 N', '74.22 E', 'Maharashtra'),
(622, 'Kopargaon', '19.88 N', '74.48 E', 'Maharashtra'),
(623, 'Latur', '18.41 N', '76.58 E', 'Maharashtra'),
(624, 'Lonavale', '18.75 N', '73.42 E', 'Maharashtra'),
(625, 'Malegaon', '20.56 N', '74.52 E', 'Maharashtra'),
(626, 'Malkapur', '20.90 N', '76.19 E', 'Maharashtra'),
(627, 'Manmad', '20.26 N', '74.43 E', 'Maharashtra'),
(628, 'Mira Bhayandar', '19.29 N', '72.85 E', 'Maharashtra'),
(629, 'Nagpur', '21.16 N', '79.08 E', 'Maharashtra'),
(630, 'Nalasopara', '19.43 N', '72.78 E', 'Maharashtra'),
(631, 'Nanded', '19.17 N', '77.29 E', 'Maharashtra'),
(632, 'Nandurbar', '21.38 N', '74.23 E', 'Maharashtra'),
(633, 'Nashik', '20.01 N', '73.78 E', 'Maharashtra'),
(634, 'Navghar', '19.34 N', '72.90 E', 'Maharashtra'),
(635, 'Navi Mumbai', '19.11 N', '73.06 E', 'Maharashtra'),
(636, 'Navi Mumbai', '19.00 N', '73.10 E', 'Maharashtra'),
(637, 'Osmanabad', '18.17 N', '76.03 E', 'Maharashtra'),
(638, 'Palghar', '19.68 N', '72.75 E', 'Maharashtra'),
(639, 'Pandharpur', '17.68 N', '75.31 E', 'Maharashtra'),
(640, 'Parbhani', '19.27 N', '76.76 E', 'Maharashtra'),
(641, 'Phaltan', '17.98 N', '74.43 E', 'Maharashtra'),
(642, 'Pimpri', '18.62 N', '73.80 E', 'Maharashtra'),
(643, 'Pune', '18.53 N', '73.84 E', 'Maharashtra'),
(644, 'Pune Cantonment', '18.50 N', '73.88 E', 'Maharashtra'),
(645, 'Pusad', '19.91 N', '77.57 E', 'Maharashtra'),
(646, 'Ratnagiri', '17.00 N', '73.29 E', 'Maharashtra'),
(647, 'SangliMiraj', '16.86 N', '74.57 E', 'Maharashtra'),
(648, 'Satara', '17.70 N', '74.00 E', 'Maharashtra'),
(649, 'Shahada', '21.55 N', '74.47 E', 'Maharashtra'),
(650, 'Shegaon', '20.78 N', '76.68 E', 'Maharashtra'),
(651, 'Shirpur', '21.35 N', '74.88 E', 'Maharashtra'),
(652, 'Sholapur', '17.67 N', '75.89 E', 'Maharashtra'),
(653, 'Shrirampur', '19.63 N', '74.64 E', 'Maharashtra'),
(654, 'Sillod', '20.30 N', '75.65 E', 'Maharashtra'),
(655, 'Thana', '19.20 N', '72.97 E', 'Maharashtra'),
(656, 'Udgir', '18.40 N', '77.11 E', 'Maharashtra'),
(657, 'Ulhasnagar', '19.23 N', '73.15 E', 'Maharashtra'),
(658, 'Uran Islampur', '17.05 N', '74.27 E', 'Maharashtra'),
(659, 'Vasai', '19.36 N', '72.80 E', 'Maharashtra'),
(660, 'Virar', '19.47 N', '72.79 E', 'Maharashtra'),
(661, 'Wadi', '', '', 'Maharashtra'),
(662, 'Wani', '20.07 N', '78.95 E', 'Maharashtra'),
(663, 'Wardha', '20.75 N', '78.60 E', 'Maharashtra'),
(664, 'Warud', '21.47 N', '78.27 E', 'Maharashtra'),
(665, 'Washim', '20.10 N', '77.13 E', 'Maharashtra'),
(666, 'Yavatmal', '20.41 N', '78.13 E', 'Maharashtra'),
(667, 'Imphal', '24.79 N', '93.94 E', 'Manipur'),
(668, 'Shillong', '25.57 N', '91.87 E', 'Meghalaya'),
(669, 'Tura', '25.52 N', '90.22 E', 'Meghalaya'),
(670, 'Aizawl', '23.71 N', '92.71 E', 'Mizoram'),
(671, 'Lunglei', '22.88 N', '92.73 E', 'Mizoram'),
(672, 'Dimapur', '25.92 N', '93.73 E', 'Nagaland'),
(673, 'Kohima', '25.67 N', '94.11 E', 'Nagaland'),
(674, 'Wokha', '26.10 N', '94.27 E', 'Nagaland'),
(675, 'Balangir', '20.71 N', '83.50 E', 'Orissa'),
(676, 'Baleshwar', '21.49 N', '86.95 E', 'Orissa'),
(677, 'Barbil', '22.12 N', '85.40 E', 'Orissa'),
(678, 'Bargarh', '21.34 N', '83.61 E', 'Orissa'),
(679, 'Baripada', '21.95 N', '86.73 E', 'Orissa'),
(680, 'Bhadrak', '21.06 N', '86.52 E', 'Orissa'),
(681, 'Bhawanipatna', '19.91 N', '83.17 E', 'Orissa'),
(682, 'Bhubaneswar', '20.27 N', '85.84 E', 'Orissa'),
(683, 'Brahmapur', '19.32 N', '84.80 E', 'Orissa'),
(684, 'Brajrajnagar', '21.82 N', '83.91 E', 'Orissa'),
(685, 'Dhenkanal', '20.67 N', '85.60 E', 'Orissa'),
(686, 'Jaypur', '18.86 N', '82.56 E', 'Orissa'),
(687, 'Jharsuguda', '21.87 N', '84.01 E', 'Orissa'),
(688, 'Kataka', '20.47 N', '85.88 E', 'Orissa'),
(689, 'Kendujhar', '21.63 N', '85.58 E', 'Orissa'),
(690, 'Paradwip', '20.32 N', '86.62 E', 'Orissa'),
(691, 'Puri', '19.81 N', '85.83 E', 'Orissa'),
(692, 'Raurkela', '22.24 N', '84.81 E', 'Orissa'),
(693, 'Raurkela Industrial Township', '', '', 'Orissa'),
(694, 'Rayagada', '19.18 N', '83.41 E', 'Orissa'),
(695, 'Sambalpur', '21.47 N', '83.97 E', 'Orissa'),
(696, 'Sunabeda', '18.69 N', '82.86 E', 'Orissa'),
(697, 'Karaikal', '10.93 N', '79.83 E', 'Pondicherry'),
(698, 'Ozhukarai', '11.94 N', '79.77 E', 'Pondicherry'),
(699, 'Pondicherry', '11.94 N', '79.83 E', 'Pondicherry'),
(700, 'Abohar', '30.14 N', '74.20 E', 'Punjab'),
(701, 'Amritsar', '31.64 N', '74.87 E', 'Punjab'),
(702, 'Barnala', '30.39 N', '75.54 E', 'Punjab'),
(703, 'Batala', '31.82 N', '75.21 E', 'Punjab'),
(704, 'Bathinda', '30.17 N', '74.97 E', 'Punjab'),
(705, 'Dhuri', '30.37 N', '75.87 E', 'Punjab'),
(706, 'Faridkot', '30.68 N', '74.74 E', 'Punjab'),
(707, 'Fazilka', '30.41 N', '74.02 E', 'Punjab'),
(708, 'Firozpur', '30.92 N', '74.61 E', 'Punjab'),
(709, 'Firozpur Cantonment', '30.95 N', '74.60 E', 'Punjab'),
(710, 'Gobindgarh', '30.66 N', '76.31 E', 'Punjab'),
(711, 'Gurdaspur', '32.04 N', '75.40 E', 'Punjab'),
(712, 'Hoshiarpur', '31.53 N', '75.91 E', 'Punjab'),
(713, 'Jagraon', '30.78 N', '75.48 E', 'Punjab'),
(714, 'Jalandhar', '31.33 N', '75.57 E', 'Punjab'),
(715, 'Kapurthala', '31.38 N', '75.38 E', 'Punjab'),
(716, 'Khanna', '30.71 N', '76.21 E', 'Punjab'),
(717, 'Kot Kapura', '30.59 N', '74.80 E', 'Punjab'),
(718, 'Ludhiana', '30.91 N', '75.84 E', 'Punjab'),
(719, 'Malaut', '30.23 N', '74.48 E', 'Punjab'),
(720, 'Maler Kotla', '30.54 N', '75.87 E', 'Punjab'),
(721, 'Mansa', '29.98 N', '75.39 E', 'Punjab'),
(722, 'Moga', '30.82 N', '75.17 E', 'Punjab'),
(723, 'Mohali', '30.78 N', '76.69 E', 'Punjab'),
(724, 'Pathankot', '32.27 N', '75.64 E', 'Punjab'),
(725, 'Patiala', '30.32 N', '76.39 E', 'Punjab'),
(726, 'Phagwara', '31.22 N', '75.76 E', 'Punjab'),
(727, 'Rajpura', '30.48 N', '76.59 E', 'Punjab'),
(728, 'Rupnagar', '30.98 N', '76.52 E', 'Punjab'),
(729, 'Samana', '30.15 N', '76.20 E', 'Punjab'),
(730, 'Sangrur', '30.25 N', '75.84 E', 'Punjab'),
(731, 'Sirhind', '30.65 N', '76.38 E', 'Punjab'),
(732, 'Sunam', '30.13 N', '75.80 E', 'Punjab'),
(733, 'Tarn Taran', '31.45 N', '74.92 E', 'Punjab'),
(734, 'Ajmer', '26.45 N', '74.64 E', 'Rajasthan'),
(735, 'Alwar', '27.56 N', '76.60 E', 'Rajasthan'),
(736, 'Balotra', '25.83 N', '72.23 E', 'Rajasthan'),
(737, 'Banswara', '23.54 N', '74.44 E', 'Rajasthan'),
(738, 'Baran', '25.10 N', '76.51 E', 'Rajasthan'),
(739, 'Bari', '26.65 N', '77.60 E', 'Rajasthan'),
(740, 'Barmer', '25.75 N', '71.39 E', 'Rajasthan'),
(741, 'Beawar', '26.10 N', '74.30 E', 'Rajasthan'),
(742, 'Bharatpur', '27.23 N', '77.49 E', 'Rajasthan'),
(743, 'Bhilwara', '25.35 N', '74.63 E', 'Rajasthan'),
(744, 'Bhiwadi', '', '', 'Rajasthan'),
(745, 'Bikaner', '28.03 N', '73.32 E', 'Rajasthan'),
(746, 'Bundi', '25.45 N', '75.63 E', 'Rajasthan'),
(747, 'Chittaurgarh', '24.89 N', '74.63 E', 'Rajasthan'),
(748, 'Chomun', '27.17 N', '75.72 E', 'Rajasthan'),
(749, 'Churu', '28.31 N', '74.96 E', 'Rajasthan'),
(750, 'Daosa', '26.88 N', '76.33 E', 'Rajasthan'),
(751, 'Dhaulpur', '26.70 N', '77.87 E', 'Rajasthan'),
(752, 'Didwana', '27.39 N', '74.57 E', 'Rajasthan'),
(753, 'Fatehpur', '27.99 N', '74.95 E', 'Rajasthan'),
(754, 'Ganganagar', '29.93 N', '73.86 E', 'Rajasthan'),
(755, 'Gangapur', '26.47 N', '76.72 E', 'Rajasthan'),
(756, 'Hanumangarh', '29.62 N', '74.29 E', 'Rajasthan'),
(757, 'Hindaun', '26.74 N', '77.02 E', 'Rajasthan'),
(758, 'Jaipur', '26.92 N', '75.80 E', 'Rajasthan'),
(759, 'Jaisalmer', '26.92 N', '70.90 E', 'Rajasthan'),
(760, 'Jalor', '25.35 N', '72.62 E', 'Rajasthan'),
(761, 'Jhalawar', '24.60 N', '76.15 E', 'Rajasthan'),
(762, 'Jhunjhunun', '28.13 N', '75.39 E', 'Rajasthan'),
(763, 'Jodhpur', '26.29 N', '73.02 E', 'Rajasthan'),
(764, 'Karauli', '26.50 N', '77.02 E', 'Rajasthan'),
(765, 'Kishangarh', '26.58 N', '74.86 E', 'Rajasthan'),
(766, 'Kota', '25.18 N', '75.83 E', 'Rajasthan'),
(767, 'Kuchaman', '27.15 N', '74.85 E', 'Rajasthan'),
(768, 'Ladnun', '27.64 N', '74.38 E', 'Rajasthan'),
(769, 'Makrana', '27.05 N', '74.72 E', 'Rajasthan'),
(770, 'Nagaur', '27.21 N', '73.73 E', 'Rajasthan'),
(771, 'Nawalgarh', '27.85 N', '75.27 E', 'Rajasthan'),
(772, 'Nimbahera', '24.62 N', '74.68 E', 'Rajasthan'),
(773, 'Nokha', '27.60 N', '73.42 E', 'Rajasthan'),
(774, 'Pali', '25.79 N', '73.32 E', 'Rajasthan'),
(775, 'Rajsamand', '25.07 N', '73.88 E', 'Rajasthan'),
(776, 'Ratangarh', '28.09 N', '74.60 E', 'Rajasthan'),
(777, 'Sardarshahr', '28.45 N', '74.48 E', 'Rajasthan'),
(778, 'Sawai Madhopur', '26.03 N', '76.34 E', 'Rajasthan'),
(779, 'Sikar', '27.61 N', '75.13 E', 'Rajasthan'),
(780, 'Sujangarh', '27.70 N', '74.46 E', 'Rajasthan'),
(781, 'Suratgarh', '29.32 N', '73.90 E', 'Rajasthan'),
(782, 'Tonk', '26.17 N', '75.78 E', 'Rajasthan'),
(783, 'Udaipur', '24.58 N', '73.69 E', 'Rajasthan'),
(784, 'Alandur', '13.03 N', '80.23 E', 'Tamil Nadu'),
(785, 'Ambattur', '13.11 N', '80.17 E', 'Tamil Nadu'),
(786, 'Ambur', '12.80 N', '78.72 E', 'Tamil Nadu'),
(787, 'Arakonam', '13.08 N', '79.67 E', 'Tamil Nadu'),
(788, 'Arani', '12.68 N', '79.28 E', 'Tamil Nadu'),
(789, 'Aruppukkottai', '9.51 N', '78.09 E', 'Tamil Nadu'),
(790, 'Attur', '11.60 N', '78.60 E', 'Tamil Nadu'),
(791, 'Avadi', '13.12 N', '80.11 E', 'Tamil Nadu'),
(792, 'Avaniapuram', '9.86 N', '78.12 E', 'Tamil Nadu'),
(793, 'Bodinayakkanur', '10.01 N', '77.35 E', 'Tamil Nadu'),
(794, 'Chengalpattu', '12.70 N', '79.97 E', 'Tamil Nadu'),
(795, 'Dharapuram', '10.74 N', '77.52 E', 'Tamil Nadu'),
(796, 'Dharmapuri', '12.13 N', '78.16 E', 'Tamil Nadu'),
(797, 'Dindigul', '10.36 N', '77.97 E', 'Tamil Nadu'),
(798, 'Erode', '11.35 N', '77.73 E', 'Tamil Nadu'),
(799, 'Gopichettipalaiyam', '11.46 N', '77.43 E', 'Tamil Nadu'),
(800, 'Gudalur', '11.76 N', '79.75 E', 'Tamil Nadu'),
(801, 'Gudiyattam', '12.95 N', '78.86 E', 'Tamil Nadu'),
(802, 'Hosur', '12.72 N', '77.82 E', 'Tamil Nadu'),
(803, 'Idappadi', '11.58 N', '77.85 E', 'Tamil Nadu'),
(804, 'Kadayanallur', '9.08 N', '77.35 E', 'Tamil Nadu'),
(805, 'Kambam', '9.74 N', '77.28 E', 'Tamil Nadu'),
(806, 'Kanchipuram', '12.84 N', '79.70 E', 'Tamil Nadu'),
(807, 'Karur', '10.96 N', '78.07 E', 'Tamil Nadu'),
(808, 'Kavundampalaiyam', '11.05 N', '76.92 E', 'Tamil Nadu'),
(809, 'Kovilpatti', '9.19 N', '77.86 E', 'Tamil Nadu'),
(810, 'Koyampattur', '11.01 N', '76.96 E', 'Tamil Nadu'),
(811, 'Krishnagiri', '12.54 N', '78.21 E', 'Tamil Nadu'),
(812, 'Kumarapalaiyam', '11.44 N', '77.73 E', 'Tamil Nadu'),
(813, 'Kumbakonam', '10.97 N', '79.38 E', 'Tamil Nadu'),
(814, 'Kuniyamuthur', '10.98 N', '76.95 E', 'Tamil Nadu'),
(815, 'Kurichi', '10.92 N', '76.96 E', 'Tamil Nadu'),
(816, 'Madhavaram', '13.02 N', '80.26 E', 'Tamil Nadu'),
(817, 'Madras', '13.09 N', '80.27 E', 'Tamil Nadu'),
(818, 'Madurai', '9.92 N', '78.12 E', 'Tamil Nadu'),
(819, 'Maduravoyal', '', '', 'Tamil Nadu'),
(820, 'Mannargudi', '10.67 N', '79.45 E', 'Tamil Nadu'),
(821, 'Mayiladuthurai', '11.11 N', '79.65 E', 'Tamil Nadu'),
(822, 'Mettupalayam', '11.30 N', '76.94 E', 'Tamil Nadu'),
(823, 'Mettur', '11.80 N', '77.80 E', 'Tamil Nadu'),
(824, 'Nagapattinam', '10.80 N', '79.84 E', 'Tamil Nadu'),
(825, 'Nagercoil', '8.18 N', '77.43 E', 'Tamil Nadu'),
(826, 'Namakkal', '11.23 N', '78.17 E', 'Tamil Nadu'),
(827, 'Nerkunram', '13.04 N', '80.26 E', 'Tamil Nadu'),
(828, 'Neyveli', '11.62 N', '79.48 E', 'Tamil Nadu'),
(829, 'Pallavaram', '12.99 N', '80.16 E', 'Tamil Nadu'),
(830, 'Pammal', '12.97 N', '80.11 E', 'Tamil Nadu'),
(831, 'Pannuratti', '11.78 N', '79.55 E', 'Tamil Nadu'),
(832, 'Paramakkudi', '9.54 N', '78.59 E', 'Tamil Nadu'),
(833, 'Pattukkottai', '10.43 N', '79.31 E', 'Tamil Nadu'),
(834, 'Pollachi', '10.67 N', '77.00 E', 'Tamil Nadu'),
(835, 'Pudukkottai', '10.39 N', '78.82 E', 'Tamil Nadu'),
(836, 'Puliyankudi', '9.18 N', '77.40 E', 'Tamil Nadu'),
(837, 'Punamalli', '13.05 N', '80.11 E', 'Tamil Nadu'),
(838, 'Rajapalaiyam', '9.46 N', '77.55 E', 'Tamil Nadu'),
(839, 'Ramanathapuram', '9.37 N', '78.83 E', 'Tamil Nadu'),
(840, 'Salem', '11.67 N', '78.16 E', 'Tamil Nadu'),
(841, 'Sankarankoil', '9.17 N', '77.54 E', 'Tamil Nadu'),
(842, 'Sivakasi', '9.46 N', '77.79 E', 'Tamil Nadu'),
(843, 'Srivilliputtur', '9.52 N', '77.63 E', 'Tamil Nadu'),
(844, 'Tambaram', '12.93 N', '80.12 E', 'Tamil Nadu'),
(845, 'Tenkasi', '8.96 N', '77.31 E', 'Tamil Nadu'),
(846, 'Thanjavur', '10.79 N', '79.13 E', 'Tamil Nadu'),
(847, 'Theni Allinagaram', '10.02 N', '77.48 E', 'Tamil Nadu'),
(848, 'Thiruthangal', '9.48 N', '77.83 E', 'Tamil Nadu'),
(849, 'Thiruvarur', '10.78 N', '79.64 E', 'Tamil Nadu'),
(850, 'Thuthukkudi', '8.81 N', '78.14 E', 'Tamil Nadu'),
(851, 'Tindivanam', '12.24 N', '79.65 E', 'Tamil Nadu'),
(852, 'Tiruchchirappalli', '10.81 N', '78.69 E', 'Tamil Nadu'),
(853, 'Tiruchengode', '11.38 N', '77.90 E', 'Tamil Nadu'),
(854, 'Tirunelveli', '8.73 N', '77.69 E', 'Tamil Nadu'),
(855, 'Tirupathur', '12.50 N', '78.57 E', 'Tamil Nadu'),
(856, 'Tiruppur', '11.09 N', '77.35 E', 'Tamil Nadu'),
(857, 'Tiruvannamalai', '12.24 N', '79.07 E', 'Tamil Nadu'),
(858, 'Tiruvottiyur', '13.16 N', '80.29 E', 'Tamil Nadu'),
(859, 'Udagamandalam', '11.42 N', '76.69 E', 'Tamil Nadu'),
(860, 'Udumalaipettai', '10.58 N', '77.24 E', 'Tamil Nadu'),
(861, 'Valparai', '10.38 N', '76.99 E', 'Tamil Nadu'),
(862, 'Vaniyambadi', '12.69 N', '78.60 E', 'Tamil Nadu'),
(863, 'Velampalaiyam', '', '', 'Tamil Nadu'),
(864, 'Velluru', '12.92 N', '79.13 E', 'Tamil Nadu'),
(865, 'Viluppuram', '11.95 N', '79.49 E', 'Tamil Nadu'),
(866, 'Virappanchatram', '11.40 N', '77.70 E', 'Tamil Nadu'),
(867, 'Virudhachalam', '11.51 N', '79.32 E', 'Tamil Nadu'),
(868, 'Virudunagar', '9.59 N', '77.95 E', 'Tamil Nadu'),
(869, 'Agartala', '23.84 N', '91.27 E', 'Tripura'),
(870, 'Agartala MCl', '', '', 'Tripura'),
(871, 'Badharghat', '', '', 'Tripura'),
(872, 'Agra', '27.19 N', '78.01 E', 'Uttar Pradesh'),
(873, 'Aligarh', '27.89 N', '78.06 E', 'Uttar Pradesh'),
(874, 'Allahabad', '25.45 N', '81.84 E', 'Uttar Pradesh'),
(875, 'Amroha', '28.91 N', '78.46 E', 'Uttar Pradesh'),
(876, 'Aonla', '28.28 N', '79.15 E', 'Uttar Pradesh'),
(877, 'Auraiya', '26.47 N', '79.50 E', 'Uttar Pradesh'),
(878, 'Ayodhya', '26.80 N', '82.20 E', 'Uttar Pradesh'),
(879, 'Azamgarh', '26.07 N', '83.18 E', 'Uttar Pradesh'),
(880, 'Baheri', '28.78 N', '79.50 E', 'Uttar Pradesh'),
(881, 'Bahraich', '27.58 N', '81.59 E', 'Uttar Pradesh'),
(882, 'Ballia', '25.76 N', '84.15 E', 'Uttar Pradesh'),
(883, 'Balrampur', '27.43 N', '82.18 E', 'Uttar Pradesh'),
(884, 'Banda', '25.48 N', '80.33 E', 'Uttar Pradesh'),
(885, 'Baraut', '29.10 N', '77.26 E', 'Uttar Pradesh'),
(886, 'Bareli', '28.36 N', '79.41 E', 'Uttar Pradesh'),
(887, 'Basti', '26.80 N', '82.74 E', 'Uttar Pradesh'),
(888, 'Behta Hajipur', '', '', 'Uttar Pradesh'),
(889, 'Bela', '25.92 N', '81.99 E', 'Uttar Pradesh'),
(890, 'Bhadohi', '25.40 N', '82.56 E', 'Uttar Pradesh'),
(891, 'Bijnor', '29.38 N', '78.13 E', 'Uttar Pradesh'),
(892, 'Bisalpur', '28.30 N', '79.80 E', 'Uttar Pradesh'),
(893, 'Biswan', '27.50 N', '81.00 E', 'Uttar Pradesh'),
(894, 'Budaun', '28.04 N', '79.12 E', 'Uttar Pradesh'),
(895, 'Bulandshahr', '28.41 N', '77.85 E', 'Uttar Pradesh'),
(896, 'Chandausi', '28.46 N', '78.78 E', 'Uttar Pradesh'),
(897, 'Chandpur', '29.14 N', '78.27 E', 'Uttar Pradesh'),
(898, 'Chhibramau', '27.15 N', '79.52 E', 'Uttar Pradesh'),
(899, 'Chitrakut Dham', '25.20 N', '80.84 E', 'Uttar Pradesh'),
(900, 'Dadri', '28.57 N', '77.55 E', 'Uttar Pradesh'),
(901, 'Deoband', '29.70 N', '77.67 E', 'Uttar Pradesh'),
(902, 'Deoria', '26.51 N', '83.78 E', 'Uttar Pradesh'),
(903, 'Etah', '27.57 N', '78.64 E', 'Uttar Pradesh'),
(904, 'Etawah', '26.78 N', '79.01 E', 'Uttar Pradesh'),
(905, 'Faizabad', '26.78 N', '82.14 E', 'Uttar Pradesh'),
(906, 'Faridpur', '28.22 N', '79.53 E', 'Uttar Pradesh'),
(907, 'Farrukhabad', '27.40 N', '79.57 E', 'Uttar Pradesh'),
(908, 'Fatehpur', '25.93 N', '80.81 E', 'Uttar Pradesh'),
(909, 'Firozabad', '27.15 N', '78.39 E', 'Uttar Pradesh'),
(910, 'Gajraula', '28.85 N', '78.23 E', 'Uttar Pradesh'),
(911, 'Ganga Ghat', '26.52 N', '80.45 E', 'Uttar Pradesh'),
(912, 'Gangoh', '29.77 N', '77.25 E', 'Uttar Pradesh'),
(913, 'Ghaziabad', '28.66 N', '77.41 E', 'Uttar Pradesh'),
(914, 'Ghazipur', '25.59 N', '83.59 E', 'Uttar Pradesh'),
(915, 'Gola Gokarannath', '28.08 N', '80.47 E', 'Uttar Pradesh'),
(916, 'Gonda', '27.14 N', '81.95 E', 'Uttar Pradesh'),
(917, 'Gorakhpur', '26.76 N', '83.36 E', 'Uttar Pradesh'),
(918, 'Hapur', '28.73 N', '77.77 E', 'Uttar Pradesh'),
(919, 'Hardoi', '27.42 N', '80.12 E', 'Uttar Pradesh'),
(920, 'Hasanpur', '28.72 N', '78.28 E', 'Uttar Pradesh'),
(921, 'Hathras', '27.60 N', '78.04 E', 'Uttar Pradesh'),
(922, 'Jahangirabad', '28.42 N', '78.10 E', 'Uttar Pradesh'),
(923, 'Jalaun', '26.15 N', '79.35 E', 'Uttar Pradesh'),
(924, 'Jaunpur', '25.76 N', '82.69 E', 'Uttar Pradesh'),
(925, 'Jhansi', '25.45 N', '78.56 E', 'Uttar Pradesh'),
(926, 'Kadi', '23.31 N', '72.33 E', 'Uttar Pradesh'),
(927, 'Kairana', '29.40 N', '77.20 E', 'Uttar Pradesh'),
(928, 'Kannauj', '27.06 N', '79.91 E', 'Uttar Pradesh'),
(929, 'Kanpur', '26.47 N', '80.33 E', 'Uttar Pradesh'),
(930, 'Kanpur Cantonment', '26.50 N', '80.28 E', 'Uttar Pradesh'),
(931, 'Kasganj', '27.81 N', '78.63 E', 'Uttar Pradesh'),
(932, 'Khatauli', '29.28 N', '77.72 E', 'Uttar Pradesh'),
(933, 'Khora', '', '', 'Uttar Pradesh'),
(934, 'Khurja', '28.26 N', '77.85 E', 'Uttar Pradesh'),
(935, 'Kiratpur', '29.52 N', '78.20 E', 'Uttar Pradesh'),
(936, 'Kosi Kalan', '27.80 N', '77.44 E', 'Uttar Pradesh'),
(937, 'Laharpur', '27.72 N', '80.90 E', 'Uttar Pradesh'),
(938, 'Lakhimpur', '27.95 N', '80.78 E', 'Uttar Pradesh'),
(939, 'Lakhnau', '26.85 N', '80.92 E', 'Uttar Pradesh'),
(940, 'Lakhnau Cantonment', '26.81 N', '80.97 E', 'Uttar Pradesh'),
(941, 'Lalitpur', '24.70 N', '78.41 E', 'Uttar Pradesh'),
(942, 'Loni', '28.75 N', '77.28 E', 'Uttar Pradesh'),
(943, 'Mahoba', '25.30 N', '79.87 E', 'Uttar Pradesh'),
(944, 'Mainpuri', '27.24 N', '79.02 E', 'Uttar Pradesh'),
(945, 'Mathura', '27.50 N', '77.68 E', 'Uttar Pradesh'),
(946, 'Mau', '25.96 N', '83.56 E', 'Uttar Pradesh'),
(947, 'Mauranipur', '25.24 N', '79.13 E', 'Uttar Pradesh'),
(948, 'Mawana', '29.11 N', '77.91 E', 'Uttar Pradesh'),
(949, 'Mirat', '28.99 N', '77.70 E', 'Uttar Pradesh'),
(950, 'Mirat Cantonment', '29.02 N', '77.67 E', 'Uttar Pradesh'),
(951, 'Mirzapur', '25.16 N', '82.56 E', 'Uttar Pradesh'),
(952, 'Modinagar', '28.92 N', '77.62 E', 'Uttar Pradesh'),
(953, 'Moradabad', '28.84 N', '78.76 E', 'Uttar Pradesh'),
(954, 'Mubarakpur', '26.09 N', '83.28 E', 'Uttar Pradesh'),
(955, 'Mughal Sarai', '25.30 N', '83.12 E', 'Uttar Pradesh'),
(956, 'Muradnagar', '28.78 N', '77.50 E', 'Uttar Pradesh');
INSERT INTO `dt_citylist` (`city_id`, `city_name`, `latitude`, `longitude`, `state`) VALUES
(957, 'Muzaffarnagar', '29.48 N', '77.69 E', 'Uttar Pradesh'),
(958, 'Nagina', '29.45 N', '78.43 E', 'Uttar Pradesh'),
(959, 'Najibabad', '29.62 N', '78.33 E', 'Uttar Pradesh'),
(960, 'Nawabganj', '26.94 N', '81.19 E', 'Uttar Pradesh'),
(961, 'Noida', '28.58 N', '77.33 E', 'Uttar Pradesh'),
(962, 'Obra', '24.42 N', '82.98 E', 'Uttar Pradesh'),
(963, 'Orai', '25.99 N', '79.45 E', 'Uttar Pradesh'),
(964, 'Pilibhit', '28.64 N', '79.81 E', 'Uttar Pradesh'),
(965, 'Pilkhuwa', '28.72 N', '77.65 E', 'Uttar Pradesh'),
(966, 'Rae Bareli', '26.23 N', '81.23 E', 'Uttar Pradesh'),
(967, 'Ramgarh Nagla Kothi', '', '', 'Uttar Pradesh'),
(968, 'Rampur', '28.82 N', '79.02 E', 'Uttar Pradesh'),
(969, 'Rath', '25.58 N', '79.57 E', 'Uttar Pradesh'),
(970, 'Renukut', '24.20 N', '83.03 E', 'Uttar Pradesh'),
(971, 'Saharanpur', '29.97 N', '77.54 E', 'Uttar Pradesh'),
(972, 'Sahaswan', '28.08 N', '78.74 E', 'Uttar Pradesh'),
(973, 'Sambhal', '28.59 N', '78.56 E', 'Uttar Pradesh'),
(974, 'Sandila', '27.08 N', '80.52 E', 'Uttar Pradesh'),
(975, 'Shahabad', '27.65 N', '79.95 E', 'Uttar Pradesh'),
(976, 'Shahjahanpur', '27.88 N', '79.90 E', 'Uttar Pradesh'),
(977, 'Shamli', '29.46 N', '77.31 E', 'Uttar Pradesh'),
(978, 'Sherkot', '29.35 N', '78.58 E', 'Uttar Pradesh'),
(979, 'Shikohabad', '27.12 N', '78.58 E', 'Uttar Pradesh'),
(980, 'Sikandarabad', '28.44 N', '77.69 E', 'Uttar Pradesh'),
(981, 'Sitapur', '27.57 N', '80.69 E', 'Uttar Pradesh'),
(982, 'Sukhmalpur Nizamabad', '', '', 'Uttar Pradesh'),
(983, 'Sultanpur', '26.26 N', '82.06 E', 'Uttar Pradesh'),
(984, 'Tanda', '26.55 N', '82.65 E', 'Uttar Pradesh'),
(985, 'Tilhar', '27.98 N', '79.73 E', 'Uttar Pradesh'),
(986, 'Tundla', '27.20 N', '78.28 E', 'Uttar Pradesh'),
(987, 'Ujhani', '28.02 N', '79.02 E', 'Uttar Pradesh'),
(988, 'Unnao', '26.55 N', '80.49 E', 'Uttar Pradesh'),
(989, 'Varanasi', '25.32 N', '83.01 E', 'Uttar Pradesh'),
(990, 'Vrindavan', '27.58 N', '77.70 E', 'Uttar Pradesh'),
(991, 'Dehra Dun', '30.34 N', '78.05 E', 'Uttaranchal'),
(992, 'Dehra Dun Cantonment', '30.34 N', '77.97 E', 'Uttaranchal'),
(993, 'Gola Range', '', '', 'Uttaranchal'),
(994, 'Haldwani', '29.23 N', '79.52 E', 'Uttaranchal'),
(995, 'Haridwar', '29.98 N', '78.16 E', 'Uttaranchal'),
(996, 'Kashipur', '29.22 N', '78.96 E', 'Uttaranchal'),
(997, 'Pithoragarh', '29.58 N', '80.22 E', 'Uttaranchal'),
(998, 'Rishikesh', '30.12 N', '78.29 E', 'Uttaranchal'),
(999, 'Rudrapur', '', '', 'Uttaranchal'),
(1000, 'Rurki', '29.87 N', '77.89 E', 'Uttaranchal');

-- --------------------------------------------------------

--
-- Table structure for table `dt_customer_invoice`
--

CREATE TABLE IF NOT EXISTS `dt_customer_invoice` (
  `id` int(11) NOT NULL AUTO_INCREMENT,
  `customer_id` int(11) DEFAULT '0',
  `merchant_id` int(11) DEFAULT '0',
  `customer_order_id` int(11) NOT NULL DEFAULT '0',
  `service_id` int(11) NOT NULL,
  `service_name` varchar(255) DEFAULT NULL,
  `service_price` int(11) NOT NULL DEFAULT '0',
  `service_duration` int(11) NOT NULL DEFAULT '0',
  PRIMARY KEY (`id`)
) ENGINE=InnoDB  DEFAULT CHARSET=latin1 AUTO_INCREMENT=211 ;

--
-- Dumping data for table `dt_customer_invoice`
--

INSERT INTO `dt_customer_invoice` (`id`, `customer_id`, `merchant_id`, `customer_order_id`, `service_id`, `service_name`, `service_price`, `service_duration`) VALUES
(13, 84, 332, 2, 1139, 'Under lip/chin', 50, 15),
(14, 84, 332, 2, 1145, 'Party', 2100, 360),
(15, 84, 332, 2, 1151, 'blush on', 100, 30),
(16, 84, 332, 2, 1153, 'upper lips', 30, 15),
(19, 84, 332, 1, 1134, 'Full legs', 200, 60),
(20, 84, 332, 1, 1138, 'Under arms', 100, 30),
(21, 84, 332, 4, 1140, 'Stomach / full back', 300, 90),
(22, 84, 332, 4, 1135, 'half legs', 150, 45),
(37, 84, 332, 5, 1134, 'Full legs', 200, 60),
(38, 84, 332, 5, 1142, 'Full body waxing', 1200, 360),
(138, 84, 332, 6, 1137, 'Half arms', 100, 30),
(139, 84, 332, 6, 1138, 'Under arms', 100, 30),
(207, 84, 332, 7, 1134, 'Full legs', 200, 60),
(208, 84, 332, 7, 1138, 'Under arms', 100, 30),
(209, 84, 332, 8, 1138, 'Under arms', 100, 30),
(210, 84, 332, 8, 2498, 'Garnier Shampoo', 200, 0);

-- --------------------------------------------------------

--
-- Table structure for table `dt_customer_orders`
--

CREATE TABLE IF NOT EXISTS `dt_customer_orders` (
  `id` int(11) NOT NULL AUTO_INCREMENT,
  `merchant_id` int(11) NOT NULL DEFAULT '0',
  `customer_id` int(11) NOT NULL DEFAULT '0',
  `merchant_seat_id` int(11) NOT NULL DEFAULT '0',
  `merchant_seat_name` varchar(255) DEFAULT NULL,
  `customer_name` varchar(255) DEFAULT NULL,
  `customer_email` varchar(225) DEFAULT NULL,
  `customer_address` text,
  `customer_contact_no` varchar(255) DEFAULT NULL,
  `appointment_date_time` datetime DEFAULT NULL,
  `send_sms` tinyint(4) NOT NULL DEFAULT '1',
  `send_email` tinyint(4) NOT NULL DEFAULT '1',
  `status` tinyint(2) NOT NULL DEFAULT '0',
  PRIMARY KEY (`id`)
) ENGINE=InnoDB  DEFAULT CHARSET=latin1 AUTO_INCREMENT=12 ;

--
-- Dumping data for table `dt_customer_orders`
--

INSERT INTO `dt_customer_orders` (`id`, `merchant_id`, `customer_id`, `merchant_seat_id`, `merchant_seat_name`, `customer_name`, `customer_email`, `customer_address`, `customer_contact_no`, `appointment_date_time`, `send_sms`, `send_email`, `status`) VALUES
(1, 332, 84, 397, NULL, 'tester', '', NULL, '9887154509', '2013-05-22 10:00:00', 1, 1, 1),
(2, 332, 84, 401, NULL, 'tester', '', NULL, '9887154509', '2013-05-22 10:00:00', 1, 1, 1),
(3, 332, 84, 398, NULL, 'tester', '', NULL, '9887154509', '2013-05-21 10:00:00', 1, 1, 1),
(4, 332, 84, 400, NULL, 'tester', '', NULL, '9887154509', '2013-05-23 10:00:00', 1, 1, 1),
(5, 332, 84, 399, NULL, 'tester', '', NULL, '9887154509', '2013-05-23 11:00:00', 1, 1, 1),
(6, 332, 84, 398, NULL, 'tester', '', NULL, '9887154509', '2013-05-23 10:00:00', 1, 1, 1),
(7, 332, 84, 401, NULL, 'tester', '', NULL, '9887154509', '2013-05-24 10:30:00', 1, 1, 1),
(8, 332, 84, 400, NULL, 'tester', '', NULL, '9887154509', '2013-05-25 12:45:00', 1, 1, 1),
(9, 332, 84, 400, NULL, 'tester', '', NULL, '9887154509', '2013-05-25 10:00:00', 1, 1, 1),
(10, 332, 84, 399, NULL, 'tester', '', NULL, '9887154509', '2013-05-25 10:15:00', 1, 1, 1),
(11, 332, 84, 398, NULL, 'tester', '', NULL, '9887154509', '2013-05-25 10:00:00', 1, 1, 1);

-- --------------------------------------------------------

--
-- Table structure for table `dt_customer_order_details`
--

CREATE TABLE IF NOT EXISTS `dt_customer_order_details` (
  `id` int(11) NOT NULL AUTO_INCREMENT,
  `customer_order_id` int(11) NOT NULL DEFAULT '0',
  `service_id` int(11) NOT NULL,
  `service_name` varchar(255) DEFAULT NULL,
  `service_price` int(11) NOT NULL DEFAULT '0',
  `service_duration` int(11) NOT NULL DEFAULT '0',
  PRIMARY KEY (`id`)
) ENGINE=InnoDB  DEFAULT CHARSET=latin1 AUTO_INCREMENT=26 ;

--
-- Dumping data for table `dt_customer_order_details`
--

INSERT INTO `dt_customer_order_details` (`id`, `customer_order_id`, `service_id`, `service_name`, `service_price`, `service_duration`) VALUES
(1, 1, 1134, 'Full legs', 200, 60),
(2, 1, 1138, 'Under arms', 100, 30),
(3, 2, 1139, 'Under lip/chin', 50, 15),
(4, 2, 1151, 'blush on', 100, 30),
(5, 2, 1153, 'upper lips', 30, 15),
(6, 3, 1152, 'Eye brows', 100, 30),
(7, 3, 1158, 'feet hands', 200, 60),
(8, 3, 2355, 'Rancho Cut', 500, 60),
(9, 3, 2727, 'Spectecular Iron man Cut with Wolverine Beared', 6000, 30),
(10, 4, 2727, 'Spectecular Iron man Cut with Wolverine Beared', 6000, 30),
(11, 5, 1134, 'Full legs', 200, 60),
(12, 5, 1137, 'Half arms', 100, 30),
(13, 5, 1139, 'Under lip/chin', 50, 15),
(14, 6, 1137, 'Half arms', 100, 30),
(15, 6, 1138, 'Under arms', 100, 30),
(16, 7, 1134, 'Full legs', 200, 60),
(17, 7, 1138, 'Under arms', 100, 30),
(18, 8, 1138, 'Under arms', 100, 30),
(19, 9, 1134, 'Full legs', 200, 60),
(20, 10, 1136, 'Full arms', 150, 45),
(21, 10, 1137, 'Half arms', 100, 30),
(22, 10, 1141, 'Bikini', 800, 240),
(23, 10, 2727, 'Spectecular Iron man Cut with Wolverine Beared', 6000, 30),
(24, 11, 1153, 'upper lips', 30, 15),
(25, 11, 1154, 'chin /forehead', 30, 15);

-- --------------------------------------------------------

--
-- Table structure for table `dt_deals`
--

CREATE TABLE IF NOT EXISTS `dt_deals` (
  `id` int(11) NOT NULL AUTO_INCREMENT,
  `merchant_id` int(11) NOT NULL,
  `title` varchar(255) NOT NULL,
  `description` varchar(255) DEFAULT NULL,
  `image` varchar(255) DEFAULT NULL,
  `price` int(11) DEFAULT NULL,
  `offer_price` int(11) NOT NULL,
  `valid` datetime DEFAULT NULL,
  `terms` varchar(255) DEFAULT NULL,
  `status` tinyint(4) DEFAULT NULL,
  PRIMARY KEY (`id`)
) ENGINE=InnoDB  DEFAULT CHARSET=latin1 AUTO_INCREMENT=15 ;

--
-- Dumping data for table `dt_deals`
--

INSERT INTO `dt_deals` (`id`, `merchant_id`, `title`, `description`, `image`, `price`, `offer_price`, `valid`, `terms`, `status`) VALUES
(4, 361, 'Test Offer', 'Test Offer', NULL, 60000, 200, '2013-03-21 00:00:00', 'No terms', 1),
(5, 361, 'Test Offer 2', '2', NULL, 6565, 1212, '2013-03-30 00:00:00', 'ee', 1),
(6, 361, 'Test Offer 2', '2', NULL, 6565, 1212, '2013-03-30 00:00:00', 'ee', 1),
(14, 332, 'Test Offer', 'sddsfsdsfdsf', '', NULL, 0, '2013-05-30 00:00:00', 'Terms & Conditions', 0);

-- --------------------------------------------------------

--
-- Table structure for table `dt_emailtemplate`
--

CREATE TABLE IF NOT EXISTS `dt_emailtemplate` (
  `id` int(11) NOT NULL AUTO_INCREMENT,
  `body` text NOT NULL,
  `status` tinyint(4) NOT NULL,
  PRIMARY KEY (`id`)
) ENGINE=InnoDB  DEFAULT CHARSET=latin1 AUTO_INCREMENT=2 ;

--
-- Dumping data for table `dt_emailtemplate`
--

INSERT INTO `dt_emailtemplate` (`id`, `body`, `status`) VALUES
(1, '<table border="0" width="100%">\r\n   <tr>\r\n      <td>\r\n         <table width="100%" border="0">\r\n            <td><a href="http://www.salonchimp.com/"><img src="http://www.salonchimp.com/images/emaillogo.png" /></a></td>\r\n         </table>\r\n      </td>\r\n   </tr>\r\n   <tr>\r\n      <td style="padding: 10px; border: 1px solid #F040A8;">\r\n         <table width="100%" border="0">\r\n            <tr>\r\n               <td>\r\n                  Dear $CustomerName,\r\n               </td>\r\n            </tr>\r\n            <tr>\r\n               <td>\r\n                  &nbsp;\r\n               </td>\r\n            </tr>\r\n            <tr>\r\n               <td>\r\n                  $body\r\n               </td>\r\n            </tr>\r\n            <tr>\r\n               <td>\r\n                  &nbsp;\r\n               </td>\r\n            </tr>\r\n            <tr>\r\n               <td>\r\n                  Thank you,\r\n               </td>\r\n            </tr>\r\n            <tr>\r\n               <td>\r\n                  $SalonName\r\n               </td>\r\n            </tr>\r\n         </table>\r\n      </td>\r\n   </tr>\r\n</table>', 1);

-- --------------------------------------------------------

--
-- Table structure for table `dt_gallery`
--

CREATE TABLE IF NOT EXISTS `dt_gallery` (
  `id` int(11) NOT NULL AUTO_INCREMENT,
  `user_id` int(11) NOT NULL DEFAULT '0',
  `image` varchar(255) NOT NULL,
  `description` varchar(2000) DEFAULT NULL,
  PRIMARY KEY (`id`),
  KEY `user_id` (`user_id`)
) ENGINE=InnoDB  DEFAULT CHARSET=latin1 AUTO_INCREMENT=51 ;

--
-- Dumping data for table `dt_gallery`
--

INSERT INTO `dt_gallery` (`id`, `user_id`, `image`, `description`) VALUES
(8, 332, '20.jpeg', NULL),
(14, 332, '11.jpeg', NULL),
(15, 332, '3.jpeg', NULL),
(23, 332, 'images.jpeg', NULL),
(26, 332, '16.jpeg', NULL),
(27, 332, '14.jpeg', NULL),
(28, 332, '11.jpeg', NULL),
(29, 332, '6.jpeg', NULL),
(30, 332, '4.jpeg', NULL),
(31, 332, '8.jpg', NULL),
(34, 332, '5.jpeg', NULL),
(39, 332, '135752_20.jpeg', NULL),
(40, 332, '31600_14.jpeg', NULL),
(41, 332, '463338_3.jpeg', NULL),
(43, 332, '18784_sniper_ghost_warrior_2_game_wallpaper.jpg', NULL),
(44, 332, '491543_hd-games-wallpapers-for-desktop-10-1.jpg', NULL),
(45, 332, '188024_sniper_ghost_warrior_2_game_wallpaper.jpg', NULL),
(46, 332, '235702_GodofwarGamesWallpaper21.jpg', NULL),
(47, 332, '235702_hd-games-wallpapers-for-desktop-10-1.jpg', NULL),
(48, 332, '235702_29449d1248355892-consoles-games-wallpapers-wallpaper_modern_warfare_2_03_1920x1200.jpg', NULL),
(49, 332, '235702_sniper_ghost_warrior_2_game_wallpaper.jpg', NULL),
(50, 332, '160367_sniper_ghost_warrior_2_game_wallpaper.jpg', NULL);

-- --------------------------------------------------------

--
-- Table structure for table `dt_mas_roles`
--

CREATE TABLE IF NOT EXISTS `dt_mas_roles` (
  `id` int(11) NOT NULL AUTO_INCREMENT,
  `name` varchar(255) DEFAULT NULL,
  PRIMARY KEY (`id`)
) ENGINE=InnoDB  DEFAULT CHARSET=latin1 AUTO_INCREMENT=4 ;

--
-- Dumping data for table `dt_mas_roles`
--

INSERT INTO `dt_mas_roles` (`id`, `name`) VALUES
(1, 'Admin'),
(2, 'Merchant'),
(3, 'Stylist');

-- --------------------------------------------------------

--
-- Table structure for table `dt_merchant_customers`
--

CREATE TABLE IF NOT EXISTS `dt_merchant_customers` (
  `id` int(11) NOT NULL AUTO_INCREMENT,
  `merchant_id` int(11) NOT NULL DEFAULT '0',
  `name` varchar(255) DEFAULT NULL,
  `email` varchar(225) DEFAULT NULL,
  `mobile_no` varchar(255) DEFAULT NULL,
  `city` varchar(255) DEFAULT NULL,
  PRIMARY KEY (`id`)
) ENGINE=InnoDB  DEFAULT CHARSET=latin1 AUTO_INCREMENT=88 ;

--
-- Dumping data for table `dt_merchant_customers`
--

INSERT INTO `dt_merchant_customers` (`id`, `merchant_id`, `name`, `email`, `mobile_no`, `city`) VALUES
(1, 51, 'shiv', 'pappu@deemtech.com', '9829795836', NULL),
(2, 53, 'Shyam Pareek', 'pareekshyam@gmail.com', '9660038338', NULL),
(3, 54, 'pappu', 'naur.lal@deemtech.com', '9829795836', NULL),
(4, 55, 'fhgh', 'gfhfg', 'gfhgfhhgf', NULL),
(5, 55, 'vimal', 'vimal1@mailinator.com', 'djshf', NULL),
(6, 55, 'kapil', 'kapil@mailinator.com', '9694568425', NULL),
(7, 53, 'Surender Rao', 'creationcubes@gmail.com', '9352053561', NULL),
(8, 51, 'Himanshu', 'himanshu.pandey@deemtech.com', '9829795836', NULL),
(9, 56, 'Shyam Pareek', 'pareekshyam@gmail.com', '9660038338', NULL),
(10, 57, 'Ravindar', 'ravindar.choudhary@deemtech.com', '898989898', NULL),
(11, 57, 'Rakesh Rathore', 'rakesh.rathore@deemtech.com', '9888989898', NULL),
(12, 58, 'Shyam Pareek', 'pareekshyam@gmail.com', '9660038338', NULL),
(13, 60, 'shiv', 'shiv.pareek@deemtech.com', '9829016873', NULL),
(14, 60, 'Shyam Pareek', 'pareekshyam@gmail.com', '9660038338', NULL),
(15, 61, 'SUNDRA BAINS', 'divine_beauty_spa@hotmail.com', '9799391562', NULL),
(16, 63, 'manoj das', 'manojdas2008@yahoo.co.in', '919829020332', NULL),
(17, 64, 'Shyam Pareek', 'pareekshyam@gmail.com', '9660038338', NULL),
(18, 61, '-----------------', '---------------------', '9509969705', NULL),
(19, 330, 'rahul', 'rahul1@mailinator.com', 'gfhjfgh', NULL),
(20, 330, 'rahul', 'rahul1@mailinator.com', '9694690120', NULL),
(38, 0, 'testtert', 'sudhanshu.saxena@deemtech.com', '9887154509', NULL),
(39, 0, 'sudhanshu test', 'sudhanshu.saxena@deemtech.com', '9887154509', NULL),
(84, 332, 'tester', '', '9887154509', NULL),
(85, 332, 'ironman', 'marjss21@gmail.com', '8852938777', NULL),
(86, 332, 'boomer', 'marjss@yahoo.com', '1234567890', NULL),
(87, 332, 'rohitd', 'tanutest8@gmail.com', '8233227630', NULL);

-- --------------------------------------------------------

--
-- Table structure for table `dt_merchant_holidays`
--

CREATE TABLE IF NOT EXISTS `dt_merchant_holidays` (
  `id` int(11) NOT NULL AUTO_INCREMENT,
  `merchant_id` int(11) NOT NULL DEFAULT '0',
  `name` varchar(255) DEFAULT NULL,
  `date` date DEFAULT NULL,
  `status` tinyint(4) NOT NULL DEFAULT '1',
  PRIMARY KEY (`id`)
) ENGINE=InnoDB  DEFAULT CHARSET=latin1 AUTO_INCREMENT=10 ;

--
-- Dumping data for table `dt_merchant_holidays`
--

INSERT INTO `dt_merchant_holidays` (`id`, `merchant_id`, `name`, `date`, `status`) VALUES
(2, 63, 'makar sakranti', '2013-01-14', 1),
(4, 331, 'Holi', '2013-03-13', 1),
(7, 361, 'Holi', '2013-03-27', 1),
(8, 332, 'Holi', '2013-03-26', 1),
(9, 332, 'Dhulendi', '2013-03-27', 1);

-- --------------------------------------------------------

--
-- Table structure for table `dt_merchant_seats`
--

CREATE TABLE IF NOT EXISTS `dt_merchant_seats` (
  `id` int(11) NOT NULL AUTO_INCREMENT,
  `merchant_id` int(11) NOT NULL DEFAULT '0',
  `stylist_id` int(11) NOT NULL DEFAULT '0',
  `name` varchar(255) DEFAULT NULL,
  `status` tinyint(4) NOT NULL DEFAULT '0',
  PRIMARY KEY (`id`)
) ENGINE=InnoDB  DEFAULT CHARSET=latin1 AUTO_INCREMENT=407 ;

--
-- Dumping data for table `dt_merchant_seats`
--

INSERT INTO `dt_merchant_seats` (`id`, `merchant_id`, `stylist_id`, `name`, `status`) VALUES
(1, 51, 0, 'Stylist1', 1),
(2, 51, 0, 'Stylist2', 1),
(3, 51, 0, 'Stylist3', 1),
(4, 51, 0, 'Stylist4', 1),
(5, 51, 0, 'Stylist5', 1),
(6, 51, 0, 'Stylist6', 1),
(7, 52, 0, 'Stylist1', 1),
(8, 52, 0, 'Stylist2', 1),
(9, 52, 0, 'Stylist3', 1),
(10, 52, 0, 'Stylist4', 1),
(11, 52, 0, 'Stylist5', 1),
(12, 52, 0, 'Stylist6', 1),
(14, 53, 0, 'Stylist2', 1),
(15, 53, 0, 'Stylist3', 1),
(16, 53, 0, 'Stylist4', 1),
(17, 53, 0, 'Stylist5', 1),
(18, 53, 0, 'Stylist6', 1),
(19, 53, 0, 'Stylist7', 1),
(20, 53, 0, 'Stylist8', 1),
(21, 53, 0, 'Stylist9', 1),
(22, 53, 0, 'Stylist10', 1),
(23, 54, 0, 'Stylist1', 1),
(24, 54, 0, 'Stylist2', 1),
(25, 54, 0, 'Stylist3', 1),
(26, 54, 0, 'Stylist4', 1),
(27, 54, 0, 'Stylist5', 1),
(28, 54, 0, 'Stylist6', 1),
(29, 55, 0, 'Stylist1', 1),
(30, 55, 0, 'Stylist2', 1),
(31, 55, 0, 'Stylist3', 1),
(32, 55, 0, 'Stylist4', 1),
(33, 55, 0, 'Stylist5', 1),
(34, 55, 0, 'Stylist6', 1),
(35, 55, 0, 'Stylist7', 1),
(36, 55, 0, 'Stylist8', 1),
(37, 55, 0, 'Stylist9', 1),
(38, 55, 0, 'Stylist10', 1),
(39, 56, 0, 'Stylist1', 1),
(40, 56, 0, 'Stylist2', 1),
(41, 56, 0, 'Stylist3', 1),
(42, 56, 0, 'Stylist4', 1),
(43, 56, 0, 'Stylist5', 1),
(44, 56, 0, 'Stylist6', 1),
(45, 56, 0, 'Stylist7', 1),
(46, 56, 0, 'Stylist8', 1),
(47, 56, 0, 'Stylist9', 1),
(48, 56, 0, 'Stylist10', 1),
(49, 57, 0, 'Stylist1', 1),
(50, 57, 0, 'Stylist2', 1),
(51, 57, 0, 'Stylist3', 1),
(52, 57, 0, 'Stylist4', 1),
(53, 57, 0, 'Stylist5', 1),
(54, 58, 0, 'Stylist1', 1),
(55, 58, 0, 'Stylist2', 1),
(56, 58, 0, 'Stylist3', 1),
(57, 58, 0, 'Stylist4', 1),
(58, 58, 0, 'Stylist5', 1),
(59, 59, 0, 'Stylist 1', 1),
(60, 59, 0, 'Stylist 2', 1),
(61, 59, 0, 'Stylist 3', 1),
(62, 59, 0, 'Stylist 4', 1),
(63, 59, 0, 'Stylist 5', 1),
(64, 59, 0, 'Stylist 6', 1),
(65, 59, 0, 'Stylist 7', 1),
(66, 59, 0, 'Stylist 8', 1),
(67, 59, 0, 'Stylist 9', 1),
(68, 59, 0, 'Stylist 10', 1),
(69, 60, 0, 'Neha', 1),
(70, 60, 0, 'Rahul', 1),
(71, 60, 0, 'Javed', 1),
(72, 60, 0, 'Anisha', 1),
(73, 60, 0, 'Suhana', 1),
(74, 60, 0, 'Arjun', 1),
(75, 60, 0, 'Arif', 1),
(76, 60, 0, 'Kanika', 1),
(77, 60, 0, 'Rehana', 1),
(79, 60, 0, 'Karan', 1),
(80, 60, 0, 'Stylist 12', 1),
(81, 60, 0, 'Stylist 13', 1),
(82, 60, 0, 'Stylist 14', 1),
(83, 60, 0, 'Stylist 15', 1),
(84, 60, 0, 'Stylist 16', 1),
(85, 60, 0, 'Stylist 17', 1),
(86, 60, 0, 'Stylist 18', 1),
(89, 61, 0, 'Pinky', 1),
(90, 61, 0, 'Manisha', 1),
(91, 61, 0, 'Sakshi', 1),
(92, 61, 0, 'Manoj', 1),
(93, 61, 0, 'Guddu', 1),
(94, 61, 0, 'Rahul', 1),
(95, 61, 0, 'Geeta', 1),
(96, 61, 0, 'Khemchand', 1),
(99, 62, 0, 'Stylist 1', 1),
(100, 62, 0, 'Stylist 2', 1),
(101, 62, 0, 'Stylist 3', 1),
(102, 62, 0, 'Stylist 4', 1),
(103, 62, 0, 'Stylist 5', 1),
(104, 62, 0, 'Stylist 6', 1),
(105, 62, 0, 'Stylist 7', 1),
(106, 62, 0, 'Stylist 8', 1),
(107, 62, 0, 'Stylist 9', 1),
(108, 62, 0, 'Stylist 10', 1),
(109, 62, 0, 'Stylist 11', 1),
(110, 62, 0, 'Stylist 12', 1),
(111, 62, 0, 'Stylist 13', 1),
(112, 62, 0, 'Stylist 14', 1),
(113, 62, 0, 'Stylist 15', 1),
(114, 62, 0, 'Stylist 16', 1),
(115, 62, 0, 'Stylist 17', 1),
(116, 62, 0, 'Stylist 18', 1),
(117, 62, 0, 'Stylist 19', 1),
(118, 62, 0, 'Stylist 20', 1),
(119, 63, 0, 'Stylist 1', 1),
(120, 63, 0, 'Stylist 2', 1),
(121, 63, 0, 'Stylist 3', 1),
(122, 63, 0, 'Stylist 4', 1),
(123, 63, 0, 'Stylist 5', 1),
(124, 64, 0, 'Stylist 1', 1),
(125, 64, 0, 'Stylist 2', 1),
(126, 64, 0, 'Stylist 3', 1),
(127, 64, 0, 'Stylist 4', 1),
(128, 64, 0, 'Stylist 5', 1),
(129, 329, 0, 'Stylist 1', 1),
(130, 329, 0, 'Stylist 2', 1),
(131, 329, 0, 'Stylist 3', 1),
(132, 329, 0, 'Stylist 4', 1),
(133, 329, 0, 'Stylist 5', 1),
(134, 329, 0, 'Stylist 6', 1),
(135, 329, 0, 'Stylist 7', 1),
(136, 329, 0, 'Stylist 8', 1),
(137, 329, 0, 'Stylist 9', 1),
(138, 329, 0, 'Stylist 10', 1),
(139, 329, 0, 'Stylist 11', 1),
(140, 329, 0, 'Stylist 12', 1),
(141, 329, 0, 'Stylist 13', 1),
(142, 329, 0, 'Stylist 14', 1),
(143, 329, 0, 'Stylist 15', 1),
(144, 329, 0, 'Stylist 16', 1),
(145, 329, 0, 'Stylist 17', 1),
(146, 329, 0, 'Stylist 18', 1),
(147, 329, 0, 'Stylist 19', 1),
(148, 329, 0, 'Stylist 20', 1),
(149, 330, 0, 'Stylist 1', 1),
(150, 330, 0, 'Stylist 2', 1),
(151, 330, 0, 'Stylist 3', 1),
(152, 330, 0, 'Stylist 4', 1),
(153, 330, 0, 'Stylist 5', 1),
(154, 330, 0, 'Stylist 6', 1),
(155, 330, 0, 'Stylist 7', 1),
(156, 330, 0, 'Stylist 8', 1),
(157, 330, 0, 'Stylist 9', 1),
(158, 330, 0, 'Stylist 10', 1),
(159, 330, 0, 'Stylist 11', 1),
(160, 330, 0, 'Stylist 12', 1),
(161, 330, 0, 'Stylist 13', 1),
(162, 330, 0, 'Stylist 14', 1),
(163, 330, 0, 'Stylist 15', 1),
(164, 330, 0, 'Stylist 16', 1),
(165, 330, 0, 'Stylist 17', 1),
(166, 330, 0, 'Stylist 18', 1),
(167, 330, 0, 'Stylist 19', 1),
(168, 330, 0, 'Stylist 20', 1),
(169, 331, 0, 'Rambo', 1),
(170, 331, 0, 'Raja', 1),
(171, 331, 0, 'Stylist 3', 1),
(172, 331, 0, 'Raja', 1),
(174, 331, 0, 'Rani aullam chatrajee', 1),
(175, 331, 0, 'Stylist 6', 1),
(397, 332, 0, 'Priyanka chopra (body)', 1),
(398, 332, 0, 'Aditi Mehta (Hair)', 1),
(399, 332, 0, 'Simran Kaur (Skin)', 1),
(400, 332, 0, 'Selena Gomez (Skin)', 1),
(401, 332, 0, 'Samiksha Sethi (Massage)', 1),
(402, 332, 0, 'Snigdhaa Sharma (Hair)', 1),
(403, 332, 0, 'Stuti Vyas (Skin)', 0),
(404, 332, 0, 'Prishita sharma (Face)', 1),
(405, 332, 0, 'Parineeta chopra (Bridal)', 0),
(406, 332, 0, 'Divya Gupta (Make-up)', 0);

-- --------------------------------------------------------

--
-- Table structure for table `dt_merchant_services`
--

CREATE TABLE IF NOT EXISTS `dt_merchant_services` (
  `id` int(11) NOT NULL AUTO_INCREMENT,
  `cat_id` int(11) NOT NULL,
  `merchant_id` int(11) NOT NULL DEFAULT '0',
  `name` varchar(255) DEFAULT NULL,
  `description` text,
  `price` int(11) NOT NULL DEFAULT '0',
  `duration` int(11) DEFAULT '0',
  `status` tinyint(4) NOT NULL DEFAULT '0',
  `isproduct` int(1) DEFAULT '0',
  `stock` int(255) DEFAULT '0',
  PRIMARY KEY (`id`)
) ENGINE=InnoDB  DEFAULT CHARSET=latin1 AUTO_INCREMENT=2731 ;

--
-- Dumping data for table `dt_merchant_services`
--

INSERT INTO `dt_merchant_services` (`id`, `cat_id`, `merchant_id`, `name`, `description`, `price`, `duration`, `status`, `isproduct`, `stock`) VALUES
(1, 5, 51, 'Hair cut', 'Designer hair cut', 150, 60, 1, 0, 0),
(2, 7, 51, 'Shaving', 'Stylish shave', 60, 30, 1, 0, 0),
(3, 7, 51, 'Massage', 'Body message', 500, 90, 1, 0, 0),
(4, 0, 52, 'Hair cut', 'Designer hair cut', 150, 60, 1, 0, 0),
(5, 0, 52, 'Shaving', 'Stylish shave', 60, 30, 1, 0, 0),
(6, 0, 52, 'Massage', 'Body message', 500, 90, 1, 0, 0),
(7, 0, 53, 'Hair cut', 'Designer hair cut', 150, 60, 1, 0, 0),
(8, 0, 53, 'Shaving', 'Stylish shave', 60, 30, 1, 0, 0),
(9, 0, 53, 'Massage', 'Body message', 500, 90, 1, 0, 0),
(10, 0, 54, 'Hair cut', 'Designer hair cut', 150, 60, 1, 0, 0),
(11, 0, 54, 'Shaving', 'Stylish shave', 60, 30, 1, 0, 0),
(12, 0, 54, 'Massage', 'Body message', 500, 90, 1, 0, 0),
(13, 0, 55, 'Hair cut', 'Designer hair cut', 150, 60, 1, 0, 0),
(14, 0, 55, 'Shaving', 'Stylish shave', 60, 30, 1, 0, 0),
(15, 0, 55, 'Massage', 'Body message', 500, 90, 1, 0, 0),
(16, 0, 55, 'Hair Color ', 'Lorem Ipsum is simply dummy text of the printing and typesetting industry. Lorem Ipsum has been the industry''s standard dummy text ever since the 1500s, when an unknown printer took a galley of type and scrambled it to make a type specimen book. It has survived not only five centuries, but also the leap into electronic typesetting, remaining essentially unchanged. It was popularised in the 1960s with the release of Letraset sheets containing Lorem Ipsum passages, and more recently with desktop publishing software like Aldus PageMaker including versions of Lorem Ipsum.', 366, 15, 1, 0, 0),
(17, 0, 56, 'Hair cut', 'Designer hair cut', 150, 60, 1, 0, 0),
(18, 0, 56, 'Shaving', 'Stylish shave', 60, 30, 1, 0, 0),
(19, 0, 56, 'Massage', 'Body message', 500, 90, 1, 0, 0),
(20, 1, 57, 'Hair cut', 'Designer hair cut', 150, 60, 1, 0, 0),
(21, 1, 57, 'Shaving', 'Stylish shave', 60, 30, 1, 0, 0),
(22, 2, 57, 'Massage', 'Body message', 500, 90, 1, 0, 0),
(23, 1, 58, 'Full legs', 'Full legs', 200, 60, 1, 0, 0),
(24, 1, 58, 'half legs', 'half legs', 150, 45, 1, 0, 0),
(25, 1, 58, 'Full arms', 'Full arms', 150, 45, 1, 0, 0),
(26, 1, 58, 'Half arms', 'Half arms', 100, 30, 1, 0, 0),
(27, 1, 58, 'Under arms', 'Under arms', 100, 30, 1, 0, 0),
(28, 1, 58, 'Under lip/chin', 'Under lip/chin', 50, 15, 1, 0, 0),
(29, 1, 58, 'Stomach / full back', 'Stomach / full back', 300, 90, 1, 0, 0),
(30, 1, 58, 'Bikini', 'Bikini', 800, 240, 1, 0, 0),
(31, 1, 58, 'Full body waxing', 'Full body waxing', 1200, 360, 1, 0, 0),
(32, 2, 58, 'Lipstick', 'Lipstick', 200, 60, 1, 0, 0),
(33, 2, 58, 'Eye', 'Eye', 1000, 180, 1, 0, 0),
(34, 2, 58, 'Party', 'Party', 2100, 360, 1, 0, 0),
(35, 2, 58, 'Enqaqment', 'Enqaqment', 5100, 480, 1, 0, 0),
(36, 2, 58, 'Bridal', 'Bridal', 5100, 480, 1, 0, 0),
(37, 2, 58, 'Reception', 'Reception', 7100, 480, 1, 0, 0),
(38, 2, 58, 'Saree / dress drape', 'Saree / dress drape', 350, 60, 1, 0, 0),
(39, 2, 58, 'concealing + base', 'concealing + base', 1000, 360, 1, 0, 0),
(40, 2, 58, 'blush on', 'blush on', 100, 30, 1, 0, 0),
(41, 3, 58, 'Eye brows', 'Eye brows', 100, 30, 1, 0, 0),
(42, 3, 58, 'upper lips', 'upper lips', 30, 15, 1, 0, 0),
(43, 3, 58, 'chin /forehead', 'chin /forehead', 30, 15, 1, 0, 0),
(44, 3, 58, 'sides', 'sides', 50, 30, 1, 0, 0),
(45, 3, 58, 'full face', 'full face', 100, 60, 1, 0, 0),
(46, 4, 58, 'face (fruit/jolen/oxy/fem)', 'face (fruit/jolen/oxy/fem)', 350, 120, 1, 0, 0),
(47, 4, 58, 'feet hands', 'feet hands', 200, 60, 1, 0, 0),
(48, 4, 58, 'stomach half back', 'stomach half back', 500, 150, 1, 0, 0),
(49, 4, 58, 'full back', 'full back', 400, 150, 1, 0, 0),
(50, 4, 58, 'arms', 'arms', 350, 60, 1, 0, 0),
(51, 4, 58, 'legs', 'legs', 600, 120, 1, 0, 0),
(52, 4, 58, 'de-tan-pack', 'de-tan-pack', 450, 90, 1, 0, 0),
(53, 4, 58, 'full body bleach', 'full body bleach', 2000, 360, 1, 0, 0),
(54, 4, 58, 'full body d tan pack', 'full body d tan pack', 2000, 360, 1, 0, 0),
(55, 5, 58, 'head wash shampoo', 'head wash shampoo', 150, 45, 1, 0, 0),
(56, 5, 58, 'conditioner', 'conditioner', 100, 30, 1, 0, 0),
(57, 5, 58, 'trim', 'trim', 200, 60, 1, 0, 0),
(58, 5, 58, 'cut', 'cut', 350, 60, 1, 0, 0),
(59, 5, 58, 'straight blow dry (with wash)', 'straight blow dry (with wash)', 350, 90, 1, 0, 0),
(60, 5, 58, 'flat iron (based on length)', 'flat iron (based on length)', 300, 90, 1, 0, 0),
(61, 5, 58, 'crimping / roller setting', 'crimping / roller setting', 500, 120, 1, 0, 0),
(62, 5, 58, 'hair do', 'hair do', 700, 120, 1, 0, 0),
(63, 5, 58, 'color touch up', 'color touch up', 700, 90, 1, 0, 0),
(64, 5, 58, 'hair color (based on length)', 'hair color (based on length)', 2000, 180, 1, 0, 0),
(65, 5, 58, 'henna with shampoo', 'henna with shampoo', 300, 45, 1, 0, 0),
(66, 5, 58, 're-bonding (based on length)', 're-bonding (based on length)', 5500, 210, 1, 0, 0),
(67, 5, 58, 'hair cut for men', 'hair cut for men', 200, 60, 1, 0, 0),
(68, 5, 58, 'shave', 'shave', 200, 45, 1, 0, 0),
(69, 5, 58, 'beard trim / style', 'beard trim / style', 100, 30, 1, 0, 0),
(70, 5, 58, 'divine signature cut for men', 'divine signature cut for men', 100, 30, 1, 0, 0),
(71, 5, 58, 'divine signature cut for men', 'divine signature cut for men', 500, 90, 1, 0, 0),
(72, 6, 58, 'Inch loss / weight loss (per sitting)', 'Inch loss / weight loss (per sitting)', 300, 90, 1, 0, 0),
(73, 6, 58, 'Tuck 800 (per sitting)', 'Tuck 800 (per sitting)', 800, 150, 1, 0, 0),
(74, 7, 58, 'Ayurvedic massage', 'Ayurvedic massage', 2000, 360, 1, 0, 0),
(75, 7, 58, 'Aroma therapy massage', 'Aroma therapy massage', 1000, 360, 1, 0, 0),
(76, 7, 58, 'Swedish deep tissue massage', 'Swedish deep tissue massage', 3500, 390, 1, 0, 0),
(77, 7, 58, 'Body polishing (with pack) spa', 'Body polishing (with pack) spa', 3000, 390, 1, 0, 0),
(78, 7, 58, 'Body exfoilation (for brides)', 'Body exfoilation (for brides)', 2500, 300, 1, 0, 0),
(79, 7, 58, 'Arms / back polishing', 'Arms / back polishing', 1500, 180, 1, 0, 0),
(80, 7, 58, 'Foot massage', 'Foot massage', 450, 90, 1, 0, 0),
(81, 7, 58, 'Thai massage', 'Thai massage', 2000, 120, 1, 0, 0),
(82, 7, 58, 'Potli massage', 'Potli massage', 3000, 150, 1, 0, 0),
(83, 7, 58, 'Acupressure massage', 'Acupressure massage', 2500, 180, 1, 0, 0),
(84, 7, 58, 'Head neck shoulder massage', 'Head neck shoulder massage', 2000, 150, 1, 0, 0),
(85, 7, 58, 'Foot reflesedogy', 'Foot reflesedogy', 1500, 120, 1, 0, 0),
(86, 7, 58, 'Any body palish / Body wrap', 'Any body palish / Body wrap', 2500, 180, 1, 0, 0),
(87, 7, 58, 'Any special facial', 'Any special facial', 1500, 150, 1, 0, 0),
(88, 7, 58, 'Any skin type facial', 'Any skin type facial', 2000, 180, 1, 0, 0),
(89, 8, 58, 'Manicure ', 'Manicure ', 300, 60, 1, 0, 0),
(90, 8, 58, 'Pedicure', 'Pedicure', 400, 90, 1, 0, 0),
(91, 8, 58, 'divine spa maincure', 'divine spa maincure', 500, 120, 1, 0, 0),
(92, 8, 58, 'divine spa pedicure', 'divine spa pedicure', 600, 120, 1, 0, 0),
(93, 8, 58, 'french tips', 'french tips', 200, 45, 1, 0, 0),
(94, 8, 58, 'nail art', 'nail art', 1000, 120, 1, 0, 0),
(95, 8, 58, 'cracked heel treatment', 'cracked heel treatment', 1000, 120, 1, 0, 0),
(96, 8, 58, 'sunil bajaj manicure spa', 'sunil bajaj manicure spa', 900, 90, 1, 0, 0),
(97, 8, 58, 'sunil bajaj pedicure spa', 'sunil bajaj pedicure spa', 1100, 120, 1, 0, 0),
(98, 9, 58, 'cleansing', 'cleansing', 250, 45, 1, 0, 0),
(99, 9, 58, 'de-tan-cleansing', 'de-tan-cleansing', 500, 90, 1, 0, 0),
(100, 10, 58, 'Normal facial', 'Normal facial', 650, 90, 1, 0, 0),
(101, 10, 58, 'Cool cucumber', 'Cool cucumber', 800, 120, 1, 0, 0),
(102, 10, 58, 'Sandalwood', 'Sandalwood', 900, 120, 1, 0, 0),
(103, 10, 58, 'Peppermint', 'Peppermint', 700, 90, 1, 0, 0),
(104, 10, 58, 'aloe vera qel', 'aloe vera qel', 1100, 120, 1, 0, 0),
(105, 9, 58, 'Fresh fruit', 'Fresh fruit', 1200, 120, 1, 0, 0),
(106, 9, 58, 'Shahnaz normal', 'Shahnaz normal', 1200, 150, 1, 0, 0),
(107, 9, 58, 'Shahnaz gold', 'Shahnaz gold', 1500, 120, 1, 0, 0),
(108, 9, 58, 'Diamond', 'Diamond', 2000, 150, 1, 0, 0),
(109, 9, 58, 'Flower', 'Flower', 1000, 120, 1, 0, 0),
(110, 10, 58, 'Papaya', 'Papaya', 1000, 90, 1, 0, 0),
(111, 9, 58, 'aroma', 'aroma', 1100, 90, 1, 0, 0),
(112, 9, 58, '03 oxy', '03 oxy', 1100, 90, 1, 0, 0),
(113, 9, 58, 'Silver', 'Silver', 1000, 90, 1, 0, 0),
(114, 9, 58, 'Depiqmentation', 'Depiqmentation', 1500, 90, 1, 0, 0),
(115, 9, 58, 'instafair', 'instafair', 1200, 90, 1, 0, 0),
(116, 9, 58, 'Hydrating', 'Hydrating', 1300, 120, 1, 0, 0),
(117, 9, 58, 'Gold sheen', 'Gold sheen', 1800, 120, 1, 0, 0),
(118, 9, 58, '03 whitening', '03 whitening', 1500, 120, 1, 0, 0),
(119, 9, 58, '03 seaweed', '03 seaweed', 1500, 120, 1, 0, 0),
(120, 9, 58, 'Pearl facial ', 'Pearl facial ', 2000, 150, 1, 0, 0),
(121, 10, 58, 'divine spa hot chocolate', 'divine spa hot chocolate', 2500, 180, 1, 0, 0),
(122, 10, 58, 'divine spa uv rediation free treatment', 'divine spa uv rediation free treatment', 2500, 180, 1, 0, 0),
(123, 10, 58, 'Wine facial', 'Wine facial', 2500, 120, 1, 0, 0),
(124, 11, 58, 'Aroma therapy head massage', 'Aroma therapy head massage', 350, 120, 1, 0, 0),
(125, 11, 58, 'Deep conditioning', 'Deep conditioning', 450, 120, 1, 0, 0),
(126, 11, 58, 'Hair spa (men)', 'Hair spa (men)', 800, 150, 1, 0, 0),
(127, 11, 58, 'Hair spa (women)', 'Hair spa (women)', 850, 150, 1, 0, 0),
(128, 11, 58, 'Candling', 'Candling', 450, 45, 1, 0, 0),
(129, 11, 58, 'Hair fall treatment', 'Hair fall treatment', 1000, 120, 1, 0, 0),
(130, 11, 58, 'Dandruff treatment', 'Dandruff treatment', 1000, 150, 1, 0, 0),
(131, 11, 58, 'ozone treatment', 'ozone treatment', 1000, 180, 1, 0, 0),
(132, 11, 58, 'Split ends', 'Split ends', 350, 90, 1, 0, 0),
(133, 11, 58, 'Scientific head massage', 'Scientific head massage', 500, 150, 1, 0, 0),
(134, 1, 59, 'Full legs', 'Full legs', 200, 60, 1, 0, 0),
(135, 1, 59, 'half legs', 'half legs', 150, 45, 1, 0, 0),
(136, 1, 59, 'Full arms', 'Full arms', 150, 45, 1, 0, 0),
(137, 1, 59, 'Half arms', 'Half arms', 100, 30, 1, 0, 0),
(138, 1, 59, 'Under arms', 'Under arms', 100, 30, 1, 0, 0),
(139, 1, 59, 'Under lip/chin', 'Under lip/chin', 50, 15, 1, 0, 0),
(140, 1, 59, 'Stomach / full back', 'Stomach / full back', 300, 90, 1, 0, 0),
(141, 1, 59, 'Bikini', 'Bikini', 800, 240, 1, 0, 0),
(142, 1, 59, 'Full body waxing', 'Full body waxing', 1200, 360, 1, 0, 0),
(143, 2, 59, 'Lipstick', 'Lipstick', 200, 60, 1, 0, 0),
(144, 2, 59, 'Eye', 'Eye', 1000, 180, 1, 0, 0),
(145, 2, 59, 'Party', 'Party', 2100, 360, 1, 0, 0),
(146, 2, 59, 'Enqaqment', 'Enqaqment', 5100, 480, 1, 0, 0),
(147, 2, 59, 'Bridal', 'Bridal', 5100, 480, 1, 0, 0),
(148, 2, 59, 'Reception', 'Reception', 7100, 480, 1, 0, 0),
(149, 2, 59, 'Saree / dress drape', 'Saree / dress drape', 350, 60, 1, 0, 0),
(150, 2, 59, 'concealing + base', 'concealing + base', 1000, 360, 1, 0, 0),
(151, 2, 59, 'blush on', 'blush on', 100, 30, 1, 0, 0),
(152, 3, 59, 'Eye brows', 'Eye brows', 100, 30, 1, 0, 0),
(153, 3, 59, 'upper lips', 'upper lips', 30, 15, 1, 0, 0),
(154, 3, 59, 'chin /forehead', 'chin /forehead', 30, 15, 1, 0, 0),
(155, 3, 59, 'sides', 'sides', 50, 30, 1, 0, 0),
(156, 3, 59, 'full face', 'full face', 100, 60, 1, 0, 0),
(157, 4, 59, 'face (fruit/jolen/oxy/fem)', 'face (fruit/jolen/oxy/fem)', 350, 120, 1, 0, 0),
(158, 4, 59, 'feet hands', 'feet hands', 200, 60, 1, 0, 0),
(159, 4, 59, 'stomach half back', 'stomach half back', 500, 150, 1, 0, 0),
(160, 4, 59, 'full back', 'full back', 400, 150, 1, 0, 0),
(161, 4, 59, 'arms', 'arms', 350, 60, 1, 0, 0),
(162, 4, 59, 'legs', 'legs', 600, 120, 1, 0, 0),
(163, 4, 59, 'de-tan-pack', 'de-tan-pack', 450, 90, 1, 0, 0),
(164, 4, 59, 'full body bleach', 'full body bleach', 2000, 360, 1, 0, 0),
(165, 4, 59, 'full body d tan pack', 'full body d tan pack', 2000, 360, 1, 0, 0),
(166, 5, 59, 'head wash shampoo', 'head wash shampoo', 150, 45, 1, 0, 0),
(167, 5, 59, 'conditioner', 'conditioner', 100, 30, 1, 0, 0),
(168, 5, 59, 'trim', 'trim', 200, 60, 1, 0, 0),
(169, 5, 59, 'cut', 'cut', 350, 60, 1, 0, 0),
(170, 5, 59, 'straight blow dry (with wash)', 'straight blow dry (with wash)', 350, 90, 1, 0, 0),
(171, 5, 59, 'flat iron (based on length)', 'flat iron (based on length)', 300, 90, 1, 0, 0),
(172, 5, 59, 'crimping / roller setting', 'crimping / roller setting', 500, 120, 1, 0, 0),
(173, 5, 59, 'hair do', 'hair do', 700, 120, 1, 0, 0),
(174, 5, 59, 'color touch up', 'color touch up', 700, 90, 1, 0, 0),
(175, 5, 59, 'hair color (based on length)', 'hair color (based on length)', 2000, 180, 1, 0, 0),
(176, 5, 59, 'henna with shampoo', 'henna with shampoo', 300, 45, 1, 0, 0),
(177, 5, 59, 're-bonding (based on length)', 're-bonding (based on length)', 5500, 210, 1, 0, 0),
(178, 5, 59, 'hair cut for men', 'hair cut for men', 200, 60, 1, 0, 0),
(179, 5, 59, 'shave', 'shave', 200, 45, 1, 0, 0),
(180, 5, 59, 'beard trim / style', 'beard trim / style', 100, 30, 1, 0, 0),
(181, 5, 59, 'divine signature cut for men', 'divine signature cut for men', 100, 30, 1, 0, 0),
(182, 5, 59, 'divine signature cut for men', 'divine signature cut for men', 500, 90, 1, 0, 0),
(183, 6, 59, 'Inch loss / weight loss (per sitting)', 'Inch loss / weight loss (per sitting)', 300, 90, 1, 0, 0),
(184, 6, 59, 'Tuck 800 (per sitting)', 'Tuck 800 (per sitting)', 800, 150, 1, 0, 0),
(185, 7, 59, 'Ayurvedic massage', 'Ayurvedic massage', 2000, 360, 1, 0, 0),
(186, 7, 59, 'Aroma therapy massage', 'Aroma therapy massage', 1000, 360, 1, 0, 0),
(187, 7, 59, 'Swedish deep tissue massage', 'Swedish deep tissue massage', 3500, 390, 1, 0, 0),
(188, 7, 59, 'Body polishing (with pack) spa', 'Body polishing (with pack) spa', 3000, 390, 1, 0, 0),
(189, 7, 59, 'Body exfoilation (for brides)', 'Body exfoilation (for brides)', 2500, 300, 1, 0, 0),
(190, 7, 59, 'Arms / back polishing', 'Arms / back polishing', 1500, 180, 1, 0, 0),
(191, 7, 59, 'Foot massage', 'Foot massage', 450, 90, 1, 0, 0),
(192, 7, 59, 'Thai massage', 'Thai massage', 2000, 120, 1, 0, 0),
(193, 7, 59, 'Potli massage', 'Potli massage', 3000, 150, 1, 0, 0),
(194, 7, 59, 'Acupressure massage', 'Acupressure massage', 2500, 180, 1, 0, 0),
(195, 7, 59, 'Head neck shoulder massage', 'Head neck shoulder massage', 2000, 150, 1, 0, 0),
(196, 7, 59, 'Foot reflesedogy', 'Foot reflesedogy', 1500, 120, 1, 0, 0),
(197, 7, 59, 'Any body palish / Body wrap', 'Any body palish / Body wrap', 2500, 180, 1, 0, 0),
(198, 7, 59, 'Any special facial', 'Any special facial', 1500, 150, 1, 0, 0),
(199, 7, 59, 'Any skin type facial', 'Any skin type facial', 2000, 180, 1, 0, 0),
(200, 8, 59, 'Manicure ', 'Manicure ', 300, 60, 1, 0, 0),
(201, 8, 59, 'Pedicure', 'Pedicure', 400, 90, 1, 0, 0),
(202, 8, 59, 'divine spa maincure', 'divine spa maincure', 500, 120, 1, 0, 0),
(203, 8, 59, 'divine spa pedicure', 'divine spa pedicure', 600, 120, 1, 0, 0),
(204, 8, 59, 'french tips', 'french tips', 200, 45, 1, 0, 0),
(205, 8, 59, 'nail art', 'nail art', 1000, 120, 1, 0, 0),
(206, 8, 59, 'cracked heel treatment', 'cracked heel treatment', 1000, 120, 1, 0, 0),
(207, 8, 59, 'sunil bajaj manicure spa', 'sunil bajaj manicure spa', 900, 90, 1, 0, 0),
(208, 8, 59, 'sunil bajaj pedicure spa', 'sunil bajaj pedicure spa', 1100, 120, 1, 0, 0),
(209, 9, 59, 'cleansing', 'cleansing', 250, 45, 1, 0, 0),
(210, 9, 59, 'de-tan-cleansing', 'de-tan-cleansing', 500, 90, 1, 0, 0),
(211, 10, 59, 'Normal facial', 'Normal facial', 650, 90, 1, 0, 0),
(212, 10, 59, 'Cool cucumber', 'Cool cucumber', 800, 120, 1, 0, 0),
(213, 10, 59, 'Sandalwood', 'Sandalwood', 900, 120, 1, 0, 0),
(214, 10, 59, 'Peppermint', 'Peppermint', 700, 90, 1, 0, 0),
(215, 10, 59, 'aloe vera qel', 'aloe vera qel', 1100, 120, 1, 0, 0),
(216, 9, 59, 'Fresh fruit', 'Fresh fruit', 1200, 120, 1, 0, 0),
(217, 9, 59, 'Shahnaz normal', 'Shahnaz normal', 1200, 150, 1, 0, 0),
(218, 9, 59, 'Shahnaz gold', 'Shahnaz gold', 1500, 120, 1, 0, 0),
(219, 9, 59, 'Diamond', 'Diamond', 2000, 150, 1, 0, 0),
(220, 9, 59, 'Flower', 'Flower', 1000, 120, 1, 0, 0),
(221, 10, 59, 'Papaya', 'Papaya', 1000, 90, 1, 0, 0),
(222, 9, 59, 'aroma', 'aroma', 1100, 90, 1, 0, 0),
(223, 9, 59, '03 oxy', '03 oxy', 1100, 90, 1, 0, 0),
(224, 9, 59, 'Silver', 'Silver', 1000, 90, 1, 0, 0),
(225, 9, 59, 'Depiqmentation', 'Depiqmentation', 1500, 90, 1, 0, 0),
(226, 9, 59, 'instafair', 'instafair', 1200, 90, 1, 0, 0),
(227, 9, 59, 'Hydrating', 'Hydrating', 1300, 120, 1, 0, 0),
(228, 9, 59, 'Gold sheen', 'Gold sheen', 1800, 120, 1, 0, 0),
(229, 9, 59, '03 whitening', '03 whitening', 1500, 120, 1, 0, 0),
(230, 9, 59, '03 seaweed', '03 seaweed', 1500, 120, 1, 0, 0),
(231, 9, 59, 'Pearl facial ', 'Pearl facial ', 2000, 150, 1, 0, 0),
(232, 10, 59, 'divine spa hot chocolate', 'divine spa hot chocolate', 2500, 180, 1, 0, 0),
(233, 10, 59, 'divine spa uv rediation free treatment', 'divine spa uv rediation free treatment', 2500, 180, 1, 0, 0),
(234, 10, 59, 'Wine facial', 'Wine facial', 2500, 120, 1, 0, 0),
(235, 11, 59, 'Aroma therapy head massage', 'Aroma therapy head massage', 350, 120, 1, 0, 0),
(236, 11, 59, 'Deep conditioning', 'Deep conditioning', 450, 120, 1, 0, 0),
(237, 11, 59, 'Hair spa (men)', 'Hair spa (men)', 800, 150, 1, 0, 0),
(238, 11, 59, 'Hair spa (women)', 'Hair spa (women)', 850, 150, 1, 0, 0),
(239, 11, 59, 'Candling', 'Candling', 450, 45, 1, 0, 0),
(240, 11, 59, 'Hair fall treatment', 'Hair fall treatment', 1000, 120, 1, 0, 0),
(241, 11, 59, 'Dandruff treatment', 'Dandruff treatment', 1000, 150, 1, 0, 0),
(242, 11, 59, 'ozone treatment', 'ozone treatment', 1000, 180, 1, 0, 0),
(243, 11, 59, 'Split ends', 'Split ends', 350, 90, 1, 0, 0),
(244, 11, 59, 'Scientific head massage', 'Scientific head massage', 500, 150, 1, 0, 0),
(245, 1, 60, 'Full legs', 'Full legs', 200, 60, 1, 0, 0),
(246, 1, 60, 'half legs', 'half legs', 150, 45, 1, 0, 0),
(247, 1, 60, 'Full arms', 'Full arms', 150, 45, 1, 0, 0),
(248, 1, 60, 'Half arms', 'Half arms', 100, 30, 1, 0, 0),
(249, 1, 60, 'Under arms', 'Under arms', 100, 30, 1, 0, 0),
(250, 1, 60, 'Under lip/chin', 'Under lip/chin', 50, 15, 1, 0, 0),
(251, 1, 60, 'Stomach / full back', 'Stomach / full back', 300, 90, 1, 0, 0),
(252, 1, 60, 'Bikini', 'Bikini', 800, 240, 1, 0, 0),
(253, 1, 60, 'Full body waxing', 'Full body waxing', 1200, 360, 1, 0, 0),
(254, 2, 60, 'Lipstick', 'Lipstick', 200, 60, 1, 0, 0),
(255, 2, 60, 'Eye', 'Eye', 1000, 180, 1, 0, 0),
(256, 2, 60, 'Party', 'Party', 2100, 360, 1, 0, 0),
(257, 2, 60, 'Enqaqment', 'Enqaqment', 5100, 480, 1, 0, 0),
(258, 2, 60, 'Bridal', 'Bridal', 5100, 480, 1, 0, 0),
(259, 2, 60, 'Reception', 'Reception', 7100, 480, 1, 0, 0),
(260, 2, 60, 'Saree / dress drape', 'Saree / dress drape', 350, 60, 1, 0, 0),
(261, 2, 60, 'concealing + base', 'concealing + base', 1000, 360, 1, 0, 0),
(262, 2, 60, 'blush on', 'blush on', 100, 30, 1, 0, 0),
(263, 3, 60, 'Eye brows', 'Eye brows', 100, 30, 1, 0, 0),
(264, 3, 60, 'upper lips', 'upper lips', 30, 15, 1, 0, 0),
(265, 3, 60, 'chin /forehead', 'chin /forehead', 30, 15, 1, 0, 0),
(266, 3, 60, 'sides', 'sides', 50, 30, 1, 0, 0),
(267, 3, 60, 'full face', 'full face', 100, 60, 1, 0, 0),
(268, 4, 60, 'face (fruit/jolen/oxy/fem)', 'face (fruit/jolen/oxy/fem)', 350, 120, 1, 0, 0),
(269, 4, 60, 'feet hands', 'feet hands', 200, 60, 1, 0, 0),
(270, 4, 60, 'stomach half back', 'stomach half back', 500, 150, 1, 0, 0),
(271, 4, 60, 'full back', 'full back', 400, 150, 1, 0, 0),
(272, 4, 60, 'arms', 'arms', 350, 60, 1, 0, 0),
(273, 4, 60, 'legs', 'legs', 600, 120, 1, 0, 0),
(274, 4, 60, 'de-tan-pack', 'de-tan-pack', 450, 90, 1, 0, 0),
(275, 4, 60, 'full body bleach', 'full body bleach', 2000, 360, 1, 0, 0),
(276, 4, 60, 'full body d tan pack', 'full body d tan pack', 2000, 360, 1, 0, 0),
(277, 5, 60, 'head wash shampoo', 'head wash shampoo', 150, 45, 1, 0, 0),
(278, 5, 60, 'conditioner', 'conditioner', 100, 30, 1, 0, 0),
(279, 5, 60, 'trim', 'trim', 200, 60, 1, 0, 0),
(280, 5, 60, 'cut', 'cut', 350, 60, 1, 0, 0),
(281, 5, 60, 'straight blow dry (with wash)', 'straight blow dry (with wash)', 350, 90, 1, 0, 0),
(282, 5, 60, 'flat iron (based on length)', 'flat iron (based on length)', 300, 90, 1, 0, 0),
(283, 5, 60, 'crimping / roller setting', 'crimping / roller setting', 500, 120, 1, 0, 0),
(284, 5, 60, 'hair do', 'hair do', 700, 120, 1, 0, 0),
(285, 5, 60, 'color touch up', 'color touch up', 700, 90, 1, 0, 0),
(286, 5, 60, 'hair color (based on length)', 'hair color (based on length)', 2000, 180, 1, 0, 0),
(287, 5, 60, 'henna with shampoo', 'henna with shampoo', 300, 45, 1, 0, 0),
(288, 5, 60, 're-bonding (based on length)', 're-bonding (based on length)', 5500, 210, 1, 0, 0),
(289, 5, 60, 'hair cut for men', 'hair cut for men', 200, 60, 1, 0, 0),
(290, 5, 60, 'shave', 'shave', 200, 45, 1, 0, 0),
(291, 5, 60, 'beard trim / style', 'beard trim / style', 100, 30, 1, 0, 0),
(292, 5, 60, 'divine signature cut for men', 'divine signature cut for men', 100, 30, 1, 0, 0),
(293, 5, 60, 'divine signature cut for men', 'divine signature cut for men', 500, 90, 1, 0, 0),
(294, 6, 60, 'Inch loss / weight loss (per sitting)', 'Inch loss / weight loss (per sitting)', 300, 90, 1, 0, 0),
(295, 6, 60, 'Tuck 800 (per sitting)', 'Tuck 800 (per sitting)', 800, 150, 1, 0, 0),
(296, 7, 60, 'Ayurvedic massage', 'Ayurvedic massage', 2000, 360, 1, 0, 0),
(297, 7, 60, 'Aroma therapy massage', 'Aroma therapy massage', 1000, 360, 1, 0, 0),
(298, 7, 60, 'Swedish deep tissue massage', 'Swedish deep tissue massage', 3500, 390, 1, 0, 0),
(299, 7, 60, 'Body polishing (with pack) spa', 'Body polishing (with pack) spa', 3000, 390, 1, 0, 0),
(300, 7, 60, 'Body exfoilation (for brides)', 'Body exfoilation (for brides)', 2500, 300, 1, 0, 0),
(301, 7, 60, 'Arms / back polishing', 'Arms / back polishing', 1500, 180, 1, 0, 0),
(302, 7, 60, 'Foot massage', 'Foot massage', 450, 90, 1, 0, 0),
(303, 7, 60, 'Thai massage', 'Thai massage', 2000, 120, 1, 0, 0),
(304, 7, 60, 'Potli massage', 'Potli massage', 3000, 150, 1, 0, 0),
(305, 7, 60, 'Acupressure massage', 'Acupressure massage', 2500, 180, 1, 0, 0),
(306, 7, 60, 'Head neck shoulder massage', 'Head neck shoulder massage', 2000, 150, 1, 0, 0),
(307, 7, 60, 'Foot reflesedogy', 'Foot reflesedogy', 1500, 120, 1, 0, 0),
(308, 7, 60, 'Any body palish / Body wrap', 'Any body palish / Body wrap', 2500, 180, 1, 0, 0),
(309, 7, 60, 'Any special facial', 'Any special facial', 1500, 150, 1, 0, 0),
(310, 7, 60, 'Any skin type facial', 'Any skin type facial', 2000, 180, 1, 0, 0),
(311, 8, 60, 'Manicure ', 'Manicure ', 300, 60, 1, 0, 0),
(312, 8, 60, 'Pedicure', 'Pedicure', 400, 90, 1, 0, 0),
(313, 8, 60, 'divine spa maincure', 'divine spa maincure', 500, 120, 1, 0, 0),
(314, 8, 60, 'divine spa pedicure', 'divine spa pedicure', 600, 120, 1, 0, 0),
(315, 8, 60, 'french tips', 'french tips', 200, 45, 1, 0, 0),
(316, 8, 60, 'nail art', 'nail art', 1000, 120, 1, 0, 0),
(317, 8, 60, 'cracked heel treatment', 'cracked heel treatment', 1000, 120, 1, 0, 0),
(318, 8, 60, 'sunil bajaj manicure spa', 'sunil bajaj manicure spa', 900, 90, 1, 0, 0),
(319, 8, 60, 'sunil bajaj pedicure spa', 'sunil bajaj pedicure spa', 1100, 120, 1, 0, 0),
(320, 9, 60, 'cleansing', 'cleansing', 250, 45, 1, 0, 0),
(321, 9, 60, 'de-tan-cleansing', 'de-tan-cleansing', 500, 90, 1, 0, 0),
(322, 10, 60, 'Normal facial', 'Normal facial', 650, 90, 1, 0, 0),
(323, 10, 60, 'Cool cucumber', 'Cool cucumber', 800, 120, 1, 0, 0),
(324, 10, 60, 'Sandalwood', 'Sandalwood', 900, 120, 1, 0, 0),
(325, 10, 60, 'Peppermint', 'Peppermint', 700, 90, 1, 0, 0),
(326, 10, 60, 'aloe vera qel', 'aloe vera qel', 1100, 120, 1, 0, 0),
(327, 9, 60, 'Fresh fruit', 'Fresh fruit', 1200, 120, 1, 0, 0),
(328, 9, 60, 'Shahnaz normal', 'Shahnaz normal', 1200, 150, 1, 0, 0),
(329, 9, 60, 'Shahnaz gold', 'Shahnaz gold', 1500, 120, 1, 0, 0),
(330, 9, 60, 'Diamond', 'Diamond', 2000, 150, 1, 0, 0),
(331, 9, 60, 'Flower', 'Flower', 1000, 120, 1, 0, 0),
(332, 10, 60, 'Papaya', 'Papaya', 1000, 90, 1, 0, 0),
(333, 9, 60, 'aroma', 'aroma', 1100, 90, 1, 0, 0),
(334, 9, 60, '03 oxy', '03 oxy', 1100, 90, 1, 0, 0),
(335, 9, 60, 'Silver', 'Silver', 1000, 90, 1, 0, 0),
(336, 9, 60, 'Depiqmentation', 'Depiqmentation', 1500, 90, 1, 0, 0),
(337, 9, 60, 'instafair', 'instafair', 1200, 90, 1, 0, 0),
(338, 9, 60, 'Hydrating', 'Hydrating', 1300, 120, 1, 0, 0),
(339, 9, 60, 'Gold sheen', 'Gold sheen', 1800, 120, 1, 0, 0),
(340, 9, 60, '03 whitening', '03 whitening', 1500, 120, 1, 0, 0),
(341, 9, 60, '03 seaweed', '03 seaweed', 1500, 120, 1, 0, 0),
(342, 9, 60, 'Pearl facial ', 'Pearl facial ', 2000, 150, 1, 0, 0),
(343, 10, 60, 'divine spa hot chocolate', 'divine spa hot chocolate', 2500, 180, 1, 0, 0),
(344, 10, 60, 'divine spa uv rediation free treatment', 'divine spa uv rediation free treatment', 2500, 180, 1, 0, 0),
(345, 10, 60, 'Wine facial', 'Wine facial', 2500, 120, 1, 0, 0),
(346, 11, 60, 'Aroma therapy head massage', 'Aroma therapy head massage', 350, 120, 1, 0, 0),
(347, 11, 60, 'Deep conditioning', 'Deep conditioning', 450, 120, 1, 0, 0),
(348, 11, 60, 'Hair spa (men)', 'Hair spa (men)', 800, 150, 1, 0, 0),
(349, 11, 60, 'Hair spa (women)', 'Hair spa (women)', 850, 150, 1, 0, 0),
(350, 11, 60, 'Candling', 'Candling', 450, 45, 1, 0, 0),
(351, 11, 60, 'Hair fall treatment', 'Hair fall treatment', 1000, 120, 1, 0, 0),
(352, 11, 60, 'Dandruff treatment', 'Dandruff treatment', 1000, 150, 1, 0, 0),
(353, 11, 60, 'ozone treatment', 'ozone treatment', 1000, 180, 1, 0, 0),
(354, 11, 60, 'Split ends', 'Split ends', 350, 90, 1, 0, 0),
(355, 11, 60, 'Scientific head massage', 'Scientific head massage', 500, 150, 1, 0, 0),
(356, 1, 61, 'Full legs', 'Full legs', 200, 60, 1, 0, 0),
(357, 1, 61, 'half legs', 'half legs', 150, 45, 1, 0, 0),
(358, 1, 61, 'Full arms', 'Full arms', 150, 45, 1, 0, 0),
(359, 1, 61, 'Half arms', 'Half arms', 100, 30, 1, 0, 0),
(360, 1, 61, 'Under arms', 'Under arms', 100, 30, 1, 0, 0),
(361, 1, 61, 'Under lip/chin', 'Under lip/chin', 50, 15, 1, 0, 0),
(362, 1, 61, 'Stomach / full back', 'Stomach / full back', 300, 90, 1, 0, 0),
(363, 1, 61, 'Bikini', 'Bikini', 800, 240, 1, 0, 0),
(364, 1, 61, 'Full body waxing', 'Full body waxing', 1200, 360, 1, 0, 0),
(365, 2, 61, 'Lipstick', 'Lipstick', 200, 60, 1, 0, 0),
(366, 2, 61, 'Eye', 'Eye', 1000, 180, 1, 0, 0),
(367, 2, 61, 'Party', 'Party', 2100, 360, 1, 0, 0),
(368, 2, 61, 'Engagment', 'Engagment', 5100, 480, 1, 0, 0),
(369, 2, 61, 'Bridal', 'Bridal', 8100, 480, 1, 0, 0),
(370, 2, 61, 'Reception', 'Reception', 7100, 480, 1, 0, 0),
(371, 2, 61, 'Saree / dress drape', 'Saree / dress drape', 350, 60, 1, 0, 0),
(372, 2, 61, 'concealing + base', 'concealing + base', 1000, 360, 1, 0, 0),
(373, 2, 61, 'blush on', 'blush on', 100, 30, 1, 0, 0),
(374, 3, 61, 'Eye brows', 'Eye brows', 100, 30, 1, 0, 0),
(375, 3, 61, 'upper lips', 'upper lips', 30, 15, 1, 0, 0),
(376, 3, 61, 'chin /forehead', 'chin /forehead', 30, 15, 1, 0, 0),
(377, 3, 61, 'sides', 'sides', 50, 30, 1, 0, 0),
(378, 3, 61, 'full face', 'full face', 100, 60, 1, 0, 0),
(379, 4, 61, 'face (fruit/jolen/oxy/fem)', 'face (fruit/jolen/oxy/fem)', 350, 120, 1, 0, 0),
(380, 4, 61, 'feet hands', 'feet hands', 200, 60, 1, 0, 0),
(381, 4, 61, 'stomach half back', 'stomach half back', 500, 150, 1, 0, 0),
(382, 4, 61, 'full back', 'full back', 400, 150, 1, 0, 0),
(383, 4, 61, 'arms', 'arms', 350, 60, 1, 0, 0),
(384, 4, 61, 'legs', 'legs', 600, 120, 1, 0, 0),
(385, 4, 61, 'de-tan-pack', 'de-tan-pack', 450, 90, 1, 0, 0),
(386, 4, 61, 'full body bleach', 'full body bleach', 2000, 360, 1, 0, 0),
(387, 4, 61, 'full body d tan pack', 'full body d tan pack', 2000, 360, 1, 0, 0),
(388, 5, 61, 'head wash shampoo', 'head wash shampoo', 150, 45, 1, 0, 0),
(389, 5, 61, 'conditioner', 'conditioner', 100, 30, 1, 0, 0),
(390, 5, 61, 'trim', 'trim', 200, 60, 1, 0, 0),
(391, 5, 61, 'cut', 'cut', 350, 60, 1, 0, 0),
(392, 5, 61, 'straight blow dry (with wash)', 'straight blow dry (with wash)', 350, 90, 1, 0, 0),
(393, 5, 61, 'flat iron (based on length)', 'flat iron (based on length)', 300, 90, 1, 0, 0),
(394, 5, 61, 'crimping / roller setting', 'crimping / roller setting', 500, 120, 1, 0, 0),
(395, 5, 61, 'hair do', 'hair do', 700, 120, 1, 0, 0),
(396, 5, 61, 'color touch up', 'color touch up', 700, 90, 1, 0, 0),
(397, 5, 61, 'hair color (based on length)', 'hair color (based on length)', 2000, 180, 1, 0, 0),
(398, 5, 61, 'henna with shampoo', 'henna with shampoo', 300, 45, 1, 0, 0),
(399, 5, 61, 're-bonding (based on length)', 're-bonding (based on length)', 5500, 210, 1, 0, 0),
(400, 5, 61, 'hair cut for men', 'hair cut for men', 200, 60, 1, 0, 0),
(401, 5, 61, 'shave', 'shave', 200, 45, 1, 0, 0),
(402, 5, 61, 'beard trim / style', 'beard trim / style', 100, 30, 1, 0, 0),
(403, 5, 61, 'divine signature cut for men', 'divine signature cut for men', 100, 30, 1, 0, 0),
(404, 5, 61, 'divine signature cut for men', 'divine signature cut for men', 500, 90, 1, 0, 0),
(405, 6, 61, 'Inch loss / weight loss (per sitting)', 'Inch loss / weight loss (per sitting)', 300, 90, 1, 0, 0),
(406, 6, 61, 'Tuck 800 (per sitting)', 'Tuck 800 (per sitting)', 800, 150, 1, 0, 0),
(407, 7, 61, 'Ayurvedic massage', 'Ayurvedic massage', 2000, 360, 1, 0, 0),
(408, 7, 61, 'Aroma therapy massage', 'Aroma therapy massage', 1000, 360, 1, 0, 0),
(409, 7, 61, 'Swedish deep tissue massage', 'Swedish deep tissue massage', 3500, 390, 1, 0, 0),
(410, 7, 61, 'Body polishing (with pack) spa', 'Body polishing (with pack) spa', 3000, 390, 1, 0, 0),
(411, 7, 61, 'Body exfoilation (for brides)', 'Body exfoilation (for brides)', 2500, 300, 1, 0, 0),
(412, 7, 61, 'Arms / back polishing', 'Arms / back polishing', 1500, 180, 1, 0, 0),
(413, 7, 61, 'Foot massage', 'Foot massage', 450, 90, 1, 0, 0),
(414, 7, 61, 'Thai massage', 'Thai massage', 2000, 120, 1, 0, 0),
(415, 7, 61, 'Potli massage', 'Potli massage', 3000, 150, 1, 0, 0),
(416, 7, 61, 'Acupressure massage', 'Acupressure massage', 2500, 180, 1, 0, 0),
(417, 7, 61, 'Head neck shoulder massage', 'Head neck shoulder massage', 2000, 150, 1, 0, 0),
(418, 7, 61, 'Foot reflexology', 'Foot reflexology', 1500, 120, 1, 0, 0),
(419, 7, 61, 'Any body polish / Body wrap', 'Any body polish / Body wrap', 2500, 180, 1, 0, 0),
(420, 7, 61, 'Any special facial', 'Any special facial', 1500, 150, 1, 0, 0),
(421, 7, 61, 'Any skin type facial', 'Any skin type facial', 2000, 180, 1, 0, 0),
(422, 8, 61, 'Manicure ', 'Manicure ', 300, 60, 1, 0, 0),
(423, 8, 61, 'Pedicure', 'Pedicure', 400, 90, 1, 0, 0),
(424, 8, 61, 'divine spa maincure', 'divine spa maincure', 500, 120, 1, 0, 0),
(425, 8, 61, 'divine spa pedicure', 'divine spa pedicure', 600, 120, 1, 0, 0),
(426, 8, 61, 'french tips', 'french tips', 200, 45, 1, 0, 0),
(427, 8, 61, 'nail art', 'nail art', 1000, 120, 1, 0, 0),
(428, 8, 61, 'cracked heel treatment', 'cracked heel treatment', 1000, 120, 1, 0, 0),
(429, 8, 61, 'sunil bajaj manicure spa', 'sunil bajaj manicure spa', 900, 90, 1, 0, 0),
(430, 8, 61, 'sunil bajaj pedicure spa', 'sunil bajaj pedicure spa', 1100, 120, 1, 0, 0),
(431, 9, 61, 'cleansing', 'cleansing', 250, 45, 1, 0, 0),
(432, 9, 61, 'de-tan-cleansing', 'de-tan-cleansing', 500, 90, 1, 0, 0),
(433, 10, 61, 'Normal facial', 'Normal facial', 650, 90, 1, 0, 0),
(434, 10, 61, 'Cool cucumber', 'Cool cucumber', 800, 120, 1, 0, 0),
(435, 10, 61, 'Sandalwood', 'Sandalwood', 900, 120, 1, 0, 0),
(436, 10, 61, 'Peppermint', 'Peppermint', 700, 90, 1, 0, 0),
(437, 10, 61, 'aloe vera qel', 'aloe vera qel', 1100, 120, 1, 0, 0),
(438, 9, 61, 'Fresh fruit', 'Fresh fruit', 1200, 120, 1, 0, 0),
(439, 9, 61, 'Shahnaz normal', 'Shahnaz normal', 1200, 150, 1, 0, 0),
(440, 9, 61, 'Shahnaz gold', 'Shahnaz gold', 1500, 120, 1, 0, 0),
(441, 9, 61, 'Diamond', 'Diamond', 2000, 150, 1, 0, 0),
(442, 9, 61, 'Flower', 'Flower', 1000, 120, 1, 0, 0),
(443, 10, 61, 'Papaya', 'Papaya', 1000, 90, 1, 0, 0),
(444, 9, 61, 'aroma', 'aroma', 1100, 90, 1, 0, 0),
(445, 9, 61, '03 oxy', '03 oxy', 1100, 90, 1, 0, 0),
(446, 9, 61, 'Silver', 'Silver', 1000, 90, 1, 0, 0),
(447, 9, 61, 'Depigmentation', 'Depigmentation', 1500, 90, 1, 0, 0),
(448, 9, 61, 'instafair', 'instafair', 1200, 90, 1, 0, 0),
(449, 9, 61, 'Hydrating', 'Hydrating', 1300, 120, 1, 0, 0),
(450, 9, 61, 'Gold sheen', 'Gold sheen', 1800, 120, 1, 0, 0),
(451, 9, 61, '03 whitening', '03 whitening', 1500, 120, 1, 0, 0),
(452, 9, 61, '03 seaweed', '03 seaweed', 1500, 120, 1, 0, 0),
(453, 9, 61, 'Pearl facial ', 'Pearl facial ', 2000, 150, 1, 0, 0),
(454, 10, 61, 'divine spa hot chocolate', 'divine spa hot chocolate', 2500, 180, 1, 0, 0),
(455, 10, 61, 'divine spa uv radiation free treatment', 'divine spa uv radiation free treatment', 2500, 180, 1, 0, 0),
(456, 10, 61, 'Wine facial', 'Wine facial', 2500, 120, 1, 0, 0),
(457, 11, 61, 'Aroma therapy head massage', 'Aroma therapy head massage', 350, 120, 1, 0, 0),
(458, 11, 61, 'Deep conditioning', 'Deep conditioning', 450, 120, 1, 0, 0),
(459, 11, 61, 'Hair spa (men)', 'Hair spa (men)', 800, 150, 1, 0, 0),
(460, 11, 61, 'Hair spa (women)', 'Hair spa (women)', 850, 150, 1, 0, 0),
(461, 11, 61, 'Candling', 'Candling', 450, 45, 1, 0, 0),
(462, 11, 61, 'Hair fall treatment', 'Hair fall treatment', 1000, 120, 1, 0, 0),
(463, 11, 61, 'Dandruff treatment', 'Dandruff treatment', 1000, 150, 1, 0, 0),
(464, 11, 61, 'ozone treatment', 'ozone treatment', 1000, 180, 1, 0, 0),
(465, 11, 61, 'Split ends', 'Split ends', 350, 90, 1, 0, 0),
(466, 11, 61, 'Scientific head massage', 'Scientific head massage', 500, 150, 1, 0, 0),
(467, 1, 62, 'Full legs', 'Full legs', 200, 60, 1, 0, 0),
(468, 1, 62, 'half legs', 'half legs', 150, 45, 1, 0, 0),
(469, 1, 62, 'Full arms', 'Full arms', 150, 45, 1, 0, 0),
(470, 1, 62, 'Half arms', 'Half arms', 100, 30, 1, 0, 0),
(471, 1, 62, 'Under arms', 'Under arms', 100, 30, 1, 0, 0),
(472, 1, 62, 'Under lip/chin', 'Under lip/chin', 50, 15, 1, 0, 0),
(473, 1, 62, 'Stomach / full back', 'Stomach / full back', 300, 90, 1, 0, 0),
(474, 1, 62, 'Bikini', 'Bikini', 800, 240, 1, 0, 0),
(475, 1, 62, 'Full body waxing', 'Full body waxing', 1200, 360, 1, 0, 0),
(476, 2, 62, 'Lipstick', 'Lipstick', 200, 60, 1, 0, 0),
(477, 2, 62, 'Eye', 'Eye', 1000, 180, 1, 0, 0),
(478, 2, 62, 'Party', 'Party', 2100, 360, 1, 0, 0),
(479, 2, 62, 'Enqaqment', 'Enqaqment', 5100, 480, 1, 0, 0),
(480, 2, 62, 'Bridal', 'Bridal', 5100, 480, 1, 0, 0),
(481, 2, 62, 'Reception', 'Reception', 7100, 480, 1, 0, 0),
(482, 2, 62, 'Saree / dress drape', 'Saree / dress drape', 350, 60, 1, 0, 0),
(483, 2, 62, 'concealing + base', 'concealing + base', 1000, 360, 1, 0, 0),
(484, 2, 62, 'blush on', 'blush on', 100, 30, 1, 0, 0),
(485, 3, 62, 'Eye brows', 'Eye brows', 100, 30, 1, 0, 0),
(486, 3, 62, 'upper lips', 'upper lips', 30, 15, 1, 0, 0),
(487, 3, 62, 'chin /forehead', 'chin /forehead', 30, 15, 1, 0, 0),
(488, 3, 62, 'sides', 'sides', 50, 30, 1, 0, 0),
(489, 3, 62, 'full face', 'full face', 100, 60, 1, 0, 0),
(490, 4, 62, 'face (fruit/jolen/oxy/fem)', 'face (fruit/jolen/oxy/fem)', 350, 120, 1, 0, 0),
(491, 4, 62, 'feet hands', 'feet hands', 200, 60, 1, 0, 0),
(492, 4, 62, 'stomach half back', 'stomach half back', 500, 150, 1, 0, 0),
(493, 4, 62, 'full back', 'full back', 400, 150, 1, 0, 0),
(494, 4, 62, 'arms', 'arms', 350, 60, 1, 0, 0),
(495, 4, 62, 'legs', 'legs', 600, 120, 1, 0, 0),
(496, 4, 62, 'de-tan-pack', 'de-tan-pack', 450, 90, 1, 0, 0),
(497, 4, 62, 'full body bleach', 'full body bleach', 2000, 360, 1, 0, 0),
(498, 4, 62, 'full body d tan pack', 'full body d tan pack', 2000, 360, 1, 0, 0),
(499, 5, 62, 'head wash shampoo', 'head wash shampoo', 150, 45, 1, 0, 0),
(500, 5, 62, 'conditioner', 'conditioner', 100, 30, 1, 0, 0),
(501, 5, 62, 'trim', 'trim', 200, 60, 1, 0, 0),
(502, 5, 62, 'cut', 'cut', 350, 60, 1, 0, 0),
(503, 5, 62, 'straight blow dry (with wash)', 'straight blow dry (with wash)', 350, 90, 1, 0, 0),
(504, 5, 62, 'flat iron (based on length)', 'flat iron (based on length)', 300, 90, 1, 0, 0),
(505, 5, 62, 'crimping / roller setting', 'crimping / roller setting', 500, 120, 1, 0, 0),
(506, 5, 62, 'hair do', 'hair do', 700, 120, 1, 0, 0),
(507, 5, 62, 'color touch up', 'color touch up', 700, 90, 1, 0, 0),
(508, 5, 62, 'hair color (based on length)', 'hair color (based on length)', 2000, 180, 1, 0, 0),
(509, 5, 62, 'henna with shampoo', 'henna with shampoo', 300, 45, 1, 0, 0),
(510, 5, 62, 're-bonding (based on length)', 're-bonding (based on length)', 5500, 210, 1, 0, 0),
(511, 5, 62, 'hair cut for men', 'hair cut for men', 200, 60, 1, 0, 0),
(512, 5, 62, 'shave', 'shave', 200, 45, 1, 0, 0),
(513, 5, 62, 'beard trim / style', 'beard trim / style', 100, 30, 1, 0, 0),
(514, 5, 62, 'divine signature cut for men', 'divine signature cut for men', 100, 30, 1, 0, 0),
(515, 5, 62, 'divine signature cut for men', 'divine signature cut for men', 500, 90, 1, 0, 0),
(516, 6, 62, 'Inch loss / weight loss (per sitting)', 'Inch loss / weight loss (per sitting)', 300, 90, 1, 0, 0),
(517, 6, 62, 'Tuck 800 (per sitting)', 'Tuck 800 (per sitting)', 800, 150, 1, 0, 0),
(518, 7, 62, 'Ayurvedic massage', 'Ayurvedic massage', 2000, 360, 1, 0, 0),
(519, 7, 62, 'Aroma therapy massage', 'Aroma therapy massage', 1000, 360, 1, 0, 0),
(520, 7, 62, 'Swedish deep tissue massage', 'Swedish deep tissue massage', 3500, 390, 1, 0, 0),
(521, 7, 62, 'Body polishing (with pack) spa', 'Body polishing (with pack) spa', 3000, 390, 1, 0, 0),
(522, 7, 62, 'Body exfoilation (for brides)', 'Body exfoilation (for brides)', 2500, 300, 1, 0, 0),
(523, 7, 62, 'Arms / back polishing', 'Arms / back polishing', 1500, 180, 1, 0, 0),
(524, 7, 62, 'Foot massage', 'Foot massage', 450, 90, 1, 0, 0),
(525, 7, 62, 'Thai massage', 'Thai massage', 2000, 120, 1, 0, 0),
(526, 7, 62, 'Potli massage', 'Potli massage', 3000, 150, 1, 0, 0),
(527, 7, 62, 'Acupressure massage', 'Acupressure massage', 2500, 180, 1, 0, 0),
(528, 7, 62, 'Head neck shoulder massage', 'Head neck shoulder massage', 2000, 150, 1, 0, 0),
(529, 7, 62, 'Foot reflesedogy', 'Foot reflesedogy', 1500, 120, 1, 0, 0),
(530, 7, 62, 'Any body palish / Body wrap', 'Any body palish / Body wrap', 2500, 180, 1, 0, 0),
(531, 7, 62, 'Any special facial', 'Any special facial', 1500, 150, 1, 0, 0),
(532, 7, 62, 'Any skin type facial', 'Any skin type facial', 2000, 180, 1, 0, 0),
(533, 8, 62, 'Manicure ', 'Manicure ', 300, 60, 1, 0, 0),
(534, 8, 62, 'Pedicure', 'Pedicure', 400, 90, 1, 0, 0),
(535, 8, 62, 'divine spa maincure', 'divine spa maincure', 500, 120, 1, 0, 0),
(536, 8, 62, 'divine spa pedicure', 'divine spa pedicure', 600, 120, 1, 0, 0),
(537, 8, 62, 'french tips', 'french tips', 200, 45, 1, 0, 0),
(538, 8, 62, 'nail art', 'nail art', 1000, 120, 1, 0, 0),
(539, 8, 62, 'cracked heel treatment', 'cracked heel treatment', 1000, 120, 1, 0, 0),
(540, 8, 62, 'sunil bajaj manicure spa', 'sunil bajaj manicure spa', 900, 90, 1, 0, 0),
(541, 8, 62, 'sunil bajaj pedicure spa', 'sunil bajaj pedicure spa', 1100, 120, 1, 0, 0),
(542, 9, 62, 'cleansing', 'cleansing', 250, 45, 1, 0, 0),
(543, 9, 62, 'de-tan-cleansing', 'de-tan-cleansing', 500, 90, 1, 0, 0),
(544, 10, 62, 'Normal facial', 'Normal facial', 650, 90, 1, 0, 0),
(545, 10, 62, 'Cool cucumber', 'Cool cucumber', 800, 120, 1, 0, 0),
(546, 10, 62, 'Sandalwood', 'Sandalwood', 900, 120, 1, 0, 0),
(547, 10, 62, 'Peppermint', 'Peppermint', 700, 90, 1, 0, 0),
(548, 10, 62, 'aloe vera qel', 'aloe vera qel', 1100, 120, 1, 0, 0),
(549, 9, 62, 'Fresh fruit', 'Fresh fruit', 1200, 120, 1, 0, 0),
(550, 9, 62, 'Shahnaz normal', 'Shahnaz normal', 1200, 150, 1, 0, 0),
(551, 9, 62, 'Shahnaz gold', 'Shahnaz gold', 1500, 120, 1, 0, 0),
(552, 9, 62, 'Diamond', 'Diamond', 2000, 150, 1, 0, 0),
(553, 9, 62, 'Flower', 'Flower', 1000, 120, 1, 0, 0),
(554, 10, 62, 'Papaya', 'Papaya', 1000, 90, 1, 0, 0),
(555, 9, 62, 'aroma', 'aroma', 1100, 90, 1, 0, 0),
(556, 9, 62, '03 oxy', '03 oxy', 1100, 90, 1, 0, 0),
(557, 9, 62, 'Silver', 'Silver', 1000, 90, 1, 0, 0),
(558, 9, 62, 'Depiqmentation', 'Depiqmentation', 1500, 90, 1, 0, 0),
(559, 9, 62, 'instafair', 'instafair', 1200, 90, 1, 0, 0),
(560, 9, 62, 'Hydrating', 'Hydrating', 1300, 120, 1, 0, 0),
(561, 9, 62, 'Gold sheen', 'Gold sheen', 1800, 120, 1, 0, 0),
(562, 9, 62, '03 whitening', '03 whitening', 1500, 120, 1, 0, 0),
(563, 9, 62, '03 seaweed', '03 seaweed', 1500, 120, 1, 0, 0),
(564, 9, 62, 'Pearl facial ', 'Pearl facial ', 2000, 150, 1, 0, 0),
(565, 10, 62, 'divine spa hot chocolate', 'divine spa hot chocolate', 2500, 180, 1, 0, 0),
(566, 10, 62, 'divine spa uv rediation free treatment', 'divine spa uv rediation free treatment', 2500, 180, 1, 0, 0),
(567, 10, 62, 'Wine facial', 'Wine facial', 2500, 120, 1, 0, 0),
(568, 11, 62, 'Aroma therapy head massage', 'Aroma therapy head massage', 350, 120, 1, 0, 0),
(569, 11, 62, 'Deep conditioning', 'Deep conditioning', 450, 120, 1, 0, 0),
(570, 11, 62, 'Hair spa (men)', 'Hair spa (men)', 800, 150, 1, 0, 0),
(571, 11, 62, 'Hair spa (women)', 'Hair spa (women)', 850, 150, 1, 0, 0),
(572, 11, 62, 'Candling', 'Candling', 450, 45, 1, 0, 0),
(573, 11, 62, 'Hair fall treatment', 'Hair fall treatment', 1000, 120, 1, 0, 0),
(574, 11, 62, 'Dandruff treatment', 'Dandruff treatment', 1000, 150, 1, 0, 0),
(575, 11, 62, 'ozone treatment', 'ozone treatment', 1000, 180, 1, 0, 0),
(576, 11, 62, 'Split ends', 'Split ends', 350, 90, 1, 0, 0),
(577, 11, 62, 'Scientific head massage', 'Scientific head massage', 500, 150, 1, 0, 0),
(578, 1, 63, 'Full legs', 'Full legs', 200, 60, 1, 0, 0),
(579, 1, 63, 'half legs', 'half legs', 150, 45, 1, 0, 0),
(580, 1, 63, 'Full arms', 'Full arms', 150, 45, 1, 0, 0),
(581, 1, 63, 'Half arms', 'Half arms', 100, 30, 1, 0, 0),
(582, 1, 63, 'Under arms', 'Under arms', 100, 30, 1, 0, 0),
(583, 1, 63, 'Under lip/chin', 'Under lip/chin', 50, 15, 1, 0, 0),
(584, 1, 63, 'Stomach / full back', 'Stomach / full back', 300, 90, 1, 0, 0),
(585, 1, 63, 'Bikini', 'Bikini', 800, 240, 1, 0, 0),
(586, 1, 63, 'Full body waxing', 'Full body waxing', 1200, 360, 1, 0, 0),
(587, 2, 63, 'Lipstick', 'Lipstick', 200, 60, 1, 0, 0),
(588, 2, 63, 'Eye', 'Eye', 1000, 180, 1, 0, 0),
(589, 2, 63, 'Party', 'Party', 2100, 360, 1, 0, 0),
(590, 2, 63, 'Enqaqment', 'Enqaqment', 5100, 480, 1, 0, 0),
(591, 2, 63, 'Bridal', 'Bridal', 5100, 480, 1, 0, 0),
(592, 2, 63, 'Reception', 'Reception', 7100, 480, 1, 0, 0),
(593, 2, 63, 'Saree / dress drape', 'Saree / dress drape', 350, 60, 1, 0, 0),
(594, 2, 63, 'concealing + base', 'concealing + base', 1000, 360, 1, 0, 0),
(595, 2, 63, 'blush on', 'blush on', 100, 30, 1, 0, 0),
(596, 3, 63, 'Eye brows', 'Eye brows', 100, 30, 1, 0, 0),
(597, 3, 63, 'upper lips', 'upper lips', 30, 15, 1, 0, 0),
(598, 3, 63, 'chin /forehead', 'chin /forehead', 30, 15, 1, 0, 0),
(599, 3, 63, 'sides', 'sides', 50, 30, 1, 0, 0),
(600, 3, 63, 'full face', 'full face', 100, 60, 1, 0, 0),
(601, 4, 63, 'face (fruit/jolen/oxy/fem)', 'face (fruit/jolen/oxy/fem)', 350, 120, 1, 0, 0),
(602, 4, 63, 'feet hands', 'feet hands', 200, 60, 1, 0, 0),
(603, 4, 63, 'stomach half back', 'stomach half back', 500, 150, 1, 0, 0),
(604, 4, 63, 'full back', 'full back', 400, 150, 1, 0, 0),
(605, 4, 63, 'arms', 'arms', 350, 60, 1, 0, 0),
(606, 4, 63, 'legs', 'legs', 600, 120, 1, 0, 0),
(607, 4, 63, 'de-tan-pack', 'de-tan-pack', 450, 90, 1, 0, 0),
(608, 4, 63, 'full body bleach', 'full body bleach', 2000, 360, 1, 0, 0),
(609, 4, 63, 'full body d tan pack', 'full body d tan pack', 2000, 360, 1, 0, 0),
(610, 5, 63, 'head wash shampoo', 'head wash shampoo', 150, 45, 1, 0, 0),
(611, 5, 63, 'conditioner', 'conditioner', 100, 30, 1, 0, 0),
(612, 5, 63, 'trim', 'trim', 200, 60, 1, 0, 0),
(613, 5, 63, 'cut', 'cut', 350, 60, 1, 0, 0),
(614, 5, 63, 'straight blow dry (with wash)', 'straight blow dry (with wash)', 350, 90, 1, 0, 0),
(615, 5, 63, 'flat iron (based on length)', 'flat iron (based on length)', 300, 90, 1, 0, 0),
(616, 5, 63, 'crimping / roller setting', 'crimping / roller setting', 500, 120, 1, 0, 0),
(617, 5, 63, 'hair do', 'hair do', 700, 120, 1, 0, 0),
(618, 5, 63, 'color touch up', 'color touch up', 700, 90, 1, 0, 0),
(619, 5, 63, 'hair color (based on length)', 'hair color (based on length)', 2000, 180, 1, 0, 0),
(620, 5, 63, 'henna with shampoo', 'henna with shampoo', 300, 45, 1, 0, 0),
(621, 5, 63, 're-bonding (based on length)', 're-bonding (based on length)', 5500, 210, 1, 0, 0),
(622, 5, 63, 'hair cut for men', 'hair cut for men', 200, 60, 1, 0, 0),
(623, 5, 63, 'shave', 'shave', 200, 45, 1, 0, 0),
(624, 5, 63, 'beard trim / style', 'beard trim / style', 100, 30, 1, 0, 0),
(625, 5, 63, 'divine signature cut for men', 'divine signature cut for men', 100, 30, 1, 0, 0),
(626, 5, 63, 'divine signature cut for men', 'divine signature cut for men', 500, 90, 1, 0, 0),
(627, 6, 63, 'Inch loss / weight loss (per sitting)', 'Inch loss / weight loss (per sitting)', 300, 90, 1, 0, 0),
(628, 6, 63, 'Tuck 800 (per sitting)', 'Tuck 800 (per sitting)', 800, 150, 1, 0, 0),
(629, 7, 63, 'Ayurvedic massage', 'Ayurvedic massage', 2000, 360, 1, 0, 0),
(630, 7, 63, 'Aroma therapy massage', 'Aroma therapy massage', 1000, 360, 1, 0, 0),
(631, 7, 63, 'Swedish deep tissue massage', 'Swedish deep tissue massage', 3500, 390, 1, 0, 0),
(632, 7, 63, 'Body polishing (with pack) spa', 'Body polishing (with pack) spa', 3000, 390, 1, 0, 0),
(633, 7, 63, 'Body exfoilation (for brides)', 'Body exfoilation (for brides)', 2500, 300, 1, 0, 0),
(634, 7, 63, 'Arms / back polishing', 'Arms / back polishing', 1500, 180, 1, 0, 0),
(635, 7, 63, 'Foot massage', 'Foot massage', 450, 90, 1, 0, 0),
(636, 7, 63, 'Thai massage', 'Thai massage', 2000, 120, 1, 0, 0),
(637, 7, 63, 'Potli massage', 'Potli massage', 3000, 150, 1, 0, 0),
(638, 7, 63, 'Acupressure massage', 'Acupressure massage', 2500, 180, 1, 0, 0),
(639, 7, 63, 'Head neck shoulder massage', 'Head neck shoulder massage', 2000, 150, 1, 0, 0),
(640, 7, 63, 'Foot reflesedogy', 'Foot reflesedogy', 1500, 120, 1, 0, 0),
(641, 7, 63, 'Any body palish / Body wrap', 'Any body palish / Body wrap', 2500, 180, 1, 0, 0),
(642, 7, 63, 'Any special facial', 'Any special facial', 1500, 150, 1, 0, 0),
(643, 7, 63, 'Any skin type facial', 'Any skin type facial', 2000, 180, 1, 0, 0),
(644, 8, 63, 'Manicure ', 'Manicure ', 300, 60, 1, 0, 0),
(645, 8, 63, 'Pedicure', 'Pedicure', 400, 90, 1, 0, 0),
(646, 8, 63, 'divine spa maincure', 'divine spa maincure', 500, 120, 1, 0, 0),
(647, 8, 63, 'divine spa pedicure', 'divine spa pedicure', 600, 120, 1, 0, 0),
(648, 8, 63, 'french tips', 'french tips', 200, 45, 1, 0, 0),
(649, 8, 63, 'nail art', 'nail art', 1000, 120, 1, 0, 0),
(650, 8, 63, 'cracked heel treatment', 'cracked heel treatment', 1000, 120, 1, 0, 0),
(651, 8, 63, 'sunil bajaj manicure spa', 'sunil bajaj manicure spa', 900, 90, 1, 0, 0),
(652, 8, 63, 'sunil bajaj pedicure spa', 'sunil bajaj pedicure spa', 1100, 120, 1, 0, 0),
(653, 9, 63, 'cleansing', 'cleansing', 250, 45, 1, 0, 0),
(654, 9, 63, 'de-tan-cleansing', 'de-tan-cleansing', 500, 90, 1, 0, 0),
(655, 10, 63, 'Normal facial', 'Normal facial', 650, 90, 1, 0, 0),
(656, 10, 63, 'Cool cucumber', 'Cool cucumber', 800, 120, 1, 0, 0),
(657, 10, 63, 'Sandalwood', 'Sandalwood', 900, 120, 1, 0, 0),
(658, 10, 63, 'Peppermint', 'Peppermint', 700, 90, 1, 0, 0),
(659, 10, 63, 'aloe vera qel', 'aloe vera qel', 1100, 120, 1, 0, 0),
(660, 9, 63, 'Fresh fruit', 'Fresh fruit', 1200, 120, 1, 0, 0),
(661, 9, 63, 'Shahnaz normal', 'Shahnaz normal', 1200, 150, 1, 0, 0),
(662, 9, 63, 'Shahnaz gold', 'Shahnaz gold', 1500, 120, 1, 0, 0),
(663, 9, 63, 'Diamond', 'Diamond', 2000, 150, 1, 0, 0),
(664, 9, 63, 'Flower', 'Flower', 1000, 120, 1, 0, 0),
(665, 10, 63, 'Papaya', 'Papaya', 1000, 90, 1, 0, 0),
(666, 9, 63, 'aroma', 'aroma', 1100, 90, 1, 0, 0),
(667, 9, 63, '03 oxy', '03 oxy', 1100, 90, 1, 0, 0),
(668, 9, 63, 'Silver', 'Silver', 1000, 90, 1, 0, 0),
(669, 9, 63, 'Depiqmentation', 'Depiqmentation', 1500, 90, 1, 0, 0),
(670, 9, 63, 'instafair', 'instafair', 1200, 90, 1, 0, 0),
(671, 9, 63, 'Hydrating', 'Hydrating', 1300, 120, 1, 0, 0),
(672, 9, 63, 'Gold sheen', 'Gold sheen', 1800, 120, 1, 0, 0),
(673, 9, 63, '03 whitening', '03 whitening', 1500, 120, 1, 0, 0),
(674, 9, 63, '03 seaweed', '03 seaweed', 1500, 120, 1, 0, 0),
(675, 9, 63, 'Pearl facial ', 'Pearl facial ', 2000, 150, 1, 0, 0),
(676, 10, 63, 'divine spa hot chocolate', 'divine spa hot chocolate', 2500, 180, 1, 0, 0),
(677, 10, 63, 'divine spa uv rediation free treatment', 'divine spa uv rediation free treatment', 2500, 180, 1, 0, 0),
(678, 10, 63, 'Wine facial', 'Wine facial', 2500, 120, 1, 0, 0),
(679, 11, 63, 'Aroma therapy head massage', 'Aroma therapy head massage', 350, 120, 1, 0, 0),
(680, 11, 63, 'Deep conditioning', 'Deep conditioning', 450, 120, 1, 0, 0),
(681, 11, 63, 'Hair spa (men)', 'Hair spa (men)', 800, 150, 1, 0, 0),
(682, 11, 63, 'Hair spa (women)', 'Hair spa (women)', 850, 150, 1, 0, 0),
(683, 11, 63, 'Candling', 'Candling', 450, 45, 1, 0, 0),
(684, 11, 63, 'Hair fall treatment', 'Hair fall treatment', 1000, 120, 1, 0, 0),
(685, 11, 63, 'Dandruff treatment', 'Dandruff treatment', 1000, 150, 1, 0, 0),
(686, 11, 63, 'ozone treatment', 'ozone treatment', 1000, 180, 1, 0, 0),
(687, 11, 63, 'Split ends', 'Split ends', 350, 90, 1, 0, 0),
(688, 11, 63, 'Scientific head massage', 'Scientific head massage', 500, 150, 1, 0, 0),
(689, 1, 64, 'Full legs', 'Full legs', 200, 60, 1, 0, 0),
(690, 1, 64, 'half legs', 'half legs', 150, 45, 1, 0, 0),
(691, 1, 64, 'Full arms', 'Full arms', 150, 45, 1, 0, 0),
(692, 1, 64, 'Half arms', 'Half arms', 100, 30, 1, 0, 0),
(693, 1, 64, 'Under arms', 'Under arms', 100, 30, 1, 0, 0),
(694, 1, 64, 'Under lip/chin', 'Under lip/chin', 50, 15, 1, 0, 0),
(695, 1, 64, 'Stomach / full back', 'Stomach / full back', 300, 90, 1, 0, 0),
(696, 1, 64, 'Bikini', 'Bikini', 800, 240, 1, 0, 0),
(697, 1, 64, 'Full body waxing', 'Full body waxing', 1200, 360, 1, 0, 0),
(698, 2, 64, 'Lipstick', 'Lipstick', 200, 60, 1, 0, 0),
(699, 2, 64, 'Eye', 'Eye', 1000, 180, 1, 0, 0),
(700, 2, 64, 'Party', 'Party', 2100, 360, 1, 0, 0),
(701, 2, 64, 'Enqaqment', 'Enqaqment', 5100, 480, 1, 0, 0),
(702, 2, 64, 'Bridal', 'Bridal', 5100, 480, 1, 0, 0),
(703, 2, 64, 'Reception', 'Reception', 7100, 480, 1, 0, 0),
(704, 2, 64, 'Saree / dress drape', 'Saree / dress drape', 350, 60, 1, 0, 0),
(705, 2, 64, 'concealing + base', 'concealing + base', 1000, 360, 1, 0, 0),
(706, 2, 64, 'blush on', 'blush on', 100, 30, 1, 0, 0),
(707, 3, 64, 'Eye brows', 'Eye brows', 100, 30, 1, 0, 0),
(708, 3, 64, 'upper lips', 'upper lips', 30, 15, 1, 0, 0),
(709, 3, 64, 'chin /forehead', 'chin /forehead', 30, 15, 1, 0, 0),
(710, 3, 64, 'sides', 'sides', 50, 30, 1, 0, 0),
(711, 3, 64, 'full face', 'full face', 100, 60, 1, 0, 0),
(712, 4, 64, 'face (fruit/jolen/oxy/fem)', 'face (fruit/jolen/oxy/fem)', 350, 120, 1, 0, 0),
(713, 4, 64, 'feet hands', 'feet hands', 200, 60, 1, 0, 0),
(714, 4, 64, 'stomach half back', 'stomach half back', 500, 150, 1, 0, 0),
(715, 4, 64, 'full back', 'full back', 400, 150, 1, 0, 0),
(716, 4, 64, 'arms', 'arms', 350, 60, 1, 0, 0),
(717, 4, 64, 'legs', 'legs', 600, 120, 1, 0, 0),
(718, 4, 64, 'de-tan-pack', 'de-tan-pack', 450, 90, 1, 0, 0),
(719, 4, 64, 'full body bleach', 'full body bleach', 2000, 360, 1, 0, 0),
(720, 4, 64, 'full body d tan pack', 'full body d tan pack', 2000, 360, 1, 0, 0),
(721, 5, 64, 'head wash shampoo', 'head wash shampoo', 150, 45, 1, 0, 0),
(722, 5, 64, 'conditioner', 'conditioner', 100, 30, 1, 0, 0),
(723, 5, 64, 'trim', 'trim', 200, 60, 1, 0, 0),
(724, 5, 64, 'cut', 'cut', 350, 60, 1, 0, 0),
(725, 5, 64, 'straight blow dry (with wash)', 'straight blow dry (with wash)', 350, 90, 1, 0, 0),
(726, 5, 64, 'flat iron (based on length)', 'flat iron (based on length)', 300, 90, 1, 0, 0);
INSERT INTO `dt_merchant_services` (`id`, `cat_id`, `merchant_id`, `name`, `description`, `price`, `duration`, `status`, `isproduct`, `stock`) VALUES
(727, 5, 64, 'crimping / roller setting', 'crimping / roller setting', 500, 120, 1, 0, 0),
(728, 5, 64, 'hair do', 'hair do', 700, 120, 1, 0, 0),
(729, 5, 64, 'color touch up', 'color touch up', 700, 90, 1, 0, 0),
(730, 5, 64, 'hair color (based on length)', 'hair color (based on length)', 2000, 180, 1, 0, 0),
(731, 5, 64, 'henna with shampoo', 'henna with shampoo', 300, 45, 1, 0, 0),
(732, 5, 64, 're-bonding (based on length)', 're-bonding (based on length)', 5500, 210, 1, 0, 0),
(733, 5, 64, 'hair cut for men', 'hair cut for men', 200, 60, 1, 0, 0),
(734, 5, 64, 'shave', 'shave', 200, 45, 1, 0, 0),
(735, 5, 64, 'beard trim / style', 'beard trim / style', 100, 30, 1, 0, 0),
(736, 5, 64, 'divine signature cut for men', 'divine signature cut for men', 100, 30, 1, 0, 0),
(737, 5, 64, 'divine signature cut for men', 'divine signature cut for men', 500, 90, 1, 0, 0),
(738, 6, 64, 'Inch loss / weight loss (per sitting)', 'Inch loss / weight loss (per sitting)', 300, 90, 1, 0, 0),
(739, 6, 64, 'Tuck 800 (per sitting)', 'Tuck 800 (per sitting)', 800, 150, 1, 0, 0),
(740, 7, 64, 'Ayurvedic massage', 'Ayurvedic massage', 2000, 360, 1, 0, 0),
(741, 7, 64, 'Aroma therapy massage', 'Aroma therapy massage', 1000, 360, 1, 0, 0),
(742, 7, 64, 'Swedish deep tissue massage', 'Swedish deep tissue massage', 3500, 390, 1, 0, 0),
(743, 7, 64, 'Body polishing (with pack) spa', 'Body polishing (with pack) spa', 3000, 390, 1, 0, 0),
(744, 7, 64, 'Body exfoilation (for brides)', 'Body exfoilation (for brides)', 2500, 300, 1, 0, 0),
(745, 7, 64, 'Arms / back polishing', 'Arms / back polishing', 1500, 180, 1, 0, 0),
(746, 7, 64, 'Foot massage', 'Foot massage', 450, 90, 1, 0, 0),
(747, 7, 64, 'Thai massage', 'Thai massage', 2000, 120, 1, 0, 0),
(748, 7, 64, 'Potli massage', 'Potli massage', 3000, 150, 1, 0, 0),
(749, 7, 64, 'Acupressure massage', 'Acupressure massage', 2500, 180, 1, 0, 0),
(750, 7, 64, 'Head neck shoulder massage', 'Head neck shoulder massage', 2000, 150, 1, 0, 0),
(751, 7, 64, 'Foot reflesedogy', 'Foot reflesedogy', 1500, 120, 1, 0, 0),
(752, 7, 64, 'Any body palish / Body wrap', 'Any body palish / Body wrap', 2500, 180, 1, 0, 0),
(753, 7, 64, 'Any special facial', 'Any special facial', 1500, 150, 1, 0, 0),
(754, 7, 64, 'Any skin type facial', 'Any skin type facial', 2000, 180, 1, 0, 0),
(755, 8, 64, 'Manicure ', 'Manicure ', 300, 60, 1, 0, 0),
(756, 8, 64, 'Pedicure', 'Pedicure', 400, 90, 1, 0, 0),
(757, 8, 64, 'divine spa maincure', 'divine spa maincure', 500, 120, 1, 0, 0),
(758, 8, 64, 'divine spa pedicure', 'divine spa pedicure', 600, 120, 1, 0, 0),
(759, 8, 64, 'french tips', 'french tips', 200, 45, 1, 0, 0),
(760, 8, 64, 'nail art', 'nail art', 1000, 120, 1, 0, 0),
(761, 8, 64, 'cracked heel treatment', 'cracked heel treatment', 1000, 120, 1, 0, 0),
(762, 8, 64, 'sunil bajaj manicure spa', 'sunil bajaj manicure spa', 900, 90, 1, 0, 0),
(763, 8, 64, 'sunil bajaj pedicure spa', 'sunil bajaj pedicure spa', 1100, 120, 1, 0, 0),
(764, 9, 64, 'cleansing', 'cleansing', 250, 45, 1, 0, 0),
(765, 9, 64, 'de-tan-cleansing', 'de-tan-cleansing', 500, 90, 1, 0, 0),
(766, 10, 64, 'Normal facial', 'Normal facial', 650, 90, 1, 0, 0),
(767, 10, 64, 'Cool cucumber', 'Cool cucumber', 800, 120, 1, 0, 0),
(768, 10, 64, 'Sandalwood', 'Sandalwood', 900, 120, 1, 0, 0),
(769, 10, 64, 'Peppermint', 'Peppermint', 700, 90, 1, 0, 0),
(770, 10, 64, 'aloe vera qel', 'aloe vera qel', 1100, 120, 1, 0, 0),
(771, 9, 64, 'Fresh fruit', 'Fresh fruit', 1200, 120, 1, 0, 0),
(772, 9, 64, 'Shahnaz normal', 'Shahnaz normal', 1200, 150, 1, 0, 0),
(773, 9, 64, 'Shahnaz gold', 'Shahnaz gold', 1500, 120, 1, 0, 0),
(774, 9, 64, 'Diamond', 'Diamond', 2000, 150, 1, 0, 0),
(775, 9, 64, 'Flower', 'Flower', 1000, 120, 1, 0, 0),
(776, 10, 64, 'Papaya', 'Papaya', 1000, 90, 1, 0, 0),
(777, 9, 64, 'aroma', 'aroma', 1100, 90, 1, 0, 0),
(778, 9, 64, '03 oxy', '03 oxy', 1100, 90, 1, 0, 0),
(779, 9, 64, 'Silver', 'Silver', 1000, 90, 1, 0, 0),
(780, 9, 64, 'Depiqmentation', 'Depiqmentation', 1500, 90, 1, 0, 0),
(781, 9, 64, 'instafair', 'instafair', 1200, 90, 1, 0, 0),
(782, 9, 64, 'Hydrating', 'Hydrating', 1300, 120, 1, 0, 0),
(783, 9, 64, 'Gold sheen', 'Gold sheen', 1800, 120, 1, 0, 0),
(784, 9, 64, '03 whitening', '03 whitening', 1500, 120, 1, 0, 0),
(785, 9, 64, '03 seaweed', '03 seaweed', 1500, 120, 1, 0, 0),
(786, 9, 64, 'Pearl facial ', 'Pearl facial ', 2000, 150, 1, 0, 0),
(787, 10, 64, 'divine spa hot chocolate', 'divine spa hot chocolate', 2500, 180, 1, 0, 0),
(788, 10, 64, 'divine spa uv rediation free treatment', 'divine spa uv rediation free treatment', 2500, 180, 1, 0, 0),
(789, 10, 64, 'Wine facial', 'Wine facial', 2500, 120, 1, 0, 0),
(790, 11, 64, 'Aroma therapy head massage', 'Aroma therapy head massage', 350, 120, 1, 0, 0),
(791, 11, 64, 'Deep conditioning', 'Deep conditioning', 450, 120, 1, 0, 0),
(792, 11, 64, 'Hair spa (men)', 'Hair spa (men)', 800, 150, 1, 0, 0),
(793, 11, 64, 'Hair spa (women)', 'Hair spa (women)', 850, 150, 1, 0, 0),
(794, 11, 64, 'Candling', 'Candling', 450, 45, 1, 0, 0),
(795, 11, 64, 'Hair fall treatment', 'Hair fall treatment', 1000, 120, 1, 0, 0),
(796, 11, 64, 'Dandruff treatment', 'Dandruff treatment', 1000, 150, 1, 0, 0),
(797, 11, 64, 'ozone treatment', 'ozone treatment', 1000, 180, 1, 0, 0),
(798, 11, 64, 'Split ends', 'Split ends', 350, 90, 1, 0, 0),
(799, 11, 64, 'Scientific head massage', 'Scientific head massage', 500, 150, 1, 0, 0),
(800, 1, 329, 'Full legs', 'Full legs', 200, 60, 1, 0, 0),
(801, 1, 329, 'half legs', 'half legs', 150, 45, 1, 0, 0),
(802, 1, 329, 'Full arms', 'Full arms', 150, 45, 1, 0, 0),
(803, 1, 329, 'Half arms', 'Half arms', 100, 30, 1, 0, 0),
(804, 1, 329, 'Under arms', 'Under arms', 100, 30, 1, 0, 0),
(805, 1, 329, 'Under lip/chin', 'Under lip/chin', 50, 15, 1, 0, 0),
(806, 1, 329, 'Stomach / full back', 'Stomach / full back', 300, 90, 1, 0, 0),
(807, 1, 329, 'Bikini', 'Bikini', 800, 240, 1, 0, 0),
(808, 1, 329, 'Full body waxing', 'Full body waxing', 1200, 360, 1, 0, 0),
(809, 2, 329, 'Lipstick', 'Lipstick', 200, 60, 1, 0, 0),
(810, 2, 329, 'Eye', 'Eye', 1000, 180, 1, 0, 0),
(811, 2, 329, 'Party', 'Party', 2100, 360, 1, 0, 0),
(812, 2, 329, 'Enqaqment', 'Enqaqment', 5100, 480, 1, 0, 0),
(813, 2, 329, 'Bridal', 'Bridal', 5100, 480, 1, 0, 0),
(814, 2, 329, 'Reception', 'Reception', 7100, 480, 1, 0, 0),
(815, 2, 329, 'Saree / dress drape', 'Saree / dress drape', 350, 60, 1, 0, 0),
(816, 2, 329, 'concealing + base', 'concealing + base', 1000, 360, 1, 0, 0),
(817, 2, 329, 'blush on', 'blush on', 100, 30, 1, 0, 0),
(818, 3, 329, 'Eye brows', 'Eye brows', 100, 30, 1, 0, 0),
(819, 3, 329, 'upper lips', 'upper lips', 30, 15, 1, 0, 0),
(820, 3, 329, 'chin /forehead', 'chin /forehead', 30, 15, 1, 0, 0),
(821, 3, 329, 'sides', 'sides', 50, 30, 1, 0, 0),
(822, 3, 329, 'full face', 'full face', 100, 60, 1, 0, 0),
(823, 4, 329, 'face (fruit/jolen/oxy/fem)', 'face (fruit/jolen/oxy/fem)', 350, 120, 1, 0, 0),
(824, 4, 329, 'feet hands', 'feet hands', 200, 60, 1, 0, 0),
(825, 4, 329, 'stomach half back', 'stomach half back', 500, 150, 1, 0, 0),
(826, 4, 329, 'full back', 'full back', 400, 150, 1, 0, 0),
(827, 4, 329, 'arms', 'arms', 350, 60, 1, 0, 0),
(828, 4, 329, 'legs', 'legs', 600, 120, 1, 0, 0),
(829, 4, 329, 'de-tan-pack', 'de-tan-pack', 450, 90, 1, 0, 0),
(830, 4, 329, 'full body bleach', 'full body bleach', 2000, 360, 1, 0, 0),
(831, 4, 329, 'full body d tan pack', 'full body d tan pack', 2000, 360, 1, 0, 0),
(832, 5, 329, 'head wash shampoo', 'head wash shampoo', 150, 45, 1, 0, 0),
(833, 5, 329, 'conditioner', 'conditioner', 100, 30, 1, 0, 0),
(834, 5, 329, 'trim', 'trim', 200, 60, 1, 0, 0),
(835, 5, 329, 'cut', 'cut', 350, 60, 1, 0, 0),
(836, 5, 329, 'straight blow dry (with wash)', 'straight blow dry (with wash)', 350, 90, 1, 0, 0),
(837, 5, 329, 'flat iron (based on length)', 'flat iron (based on length)', 300, 90, 1, 0, 0),
(838, 5, 329, 'crimping / roller setting', 'crimping / roller setting', 500, 120, 1, 0, 0),
(839, 5, 329, 'hair do', 'hair do', 700, 120, 1, 0, 0),
(840, 5, 329, 'color touch up', 'color touch up', 700, 90, 1, 0, 0),
(841, 5, 329, 'hair color (based on length)', 'hair color (based on length)', 2000, 180, 1, 0, 0),
(842, 5, 329, 'henna with shampoo', 'henna with shampoo', 300, 45, 1, 0, 0),
(843, 5, 329, 're-bonding (based on length)', 're-bonding (based on length)', 5500, 210, 1, 0, 0),
(844, 5, 329, 'hair cut for men', 'hair cut for men', 200, 60, 1, 0, 0),
(845, 5, 329, 'shave', 'shave', 200, 45, 1, 0, 0),
(846, 5, 329, 'beard trim / style', 'beard trim / style', 100, 30, 1, 0, 0),
(847, 5, 329, 'divine signature cut for men', 'divine signature cut for men', 100, 30, 1, 0, 0),
(848, 5, 329, 'divine signature cut for men', 'divine signature cut for men', 500, 90, 1, 0, 0),
(849, 6, 329, 'Inch loss / weight loss (per sitting)', 'Inch loss / weight loss (per sitting)', 300, 90, 1, 0, 0),
(850, 6, 329, 'Tuck 800 (per sitting)', 'Tuck 800 (per sitting)', 800, 150, 1, 0, 0),
(851, 7, 329, 'Ayurvedic massage', 'Ayurvedic massage', 2000, 360, 1, 0, 0),
(852, 7, 329, 'Aroma therapy massage', 'Aroma therapy massage', 1000, 360, 1, 0, 0),
(853, 7, 329, 'Swedish deep tissue massage', 'Swedish deep tissue massage', 3500, 390, 1, 0, 0),
(854, 7, 329, 'Body polishing (with pack) spa', 'Body polishing (with pack) spa', 3000, 390, 1, 0, 0),
(855, 7, 329, 'Body exfoilation (for brides)', 'Body exfoilation (for brides)', 2500, 300, 1, 0, 0),
(856, 7, 329, 'Arms / back polishing', 'Arms / back polishing', 1500, 180, 1, 0, 0),
(857, 7, 329, 'Foot massage', 'Foot massage', 450, 90, 1, 0, 0),
(858, 7, 329, 'Thai massage', 'Thai massage', 2000, 120, 1, 0, 0),
(859, 7, 329, 'Potli massage', 'Potli massage', 3000, 150, 1, 0, 0),
(860, 7, 329, 'Acupressure massage', 'Acupressure massage', 2500, 180, 1, 0, 0),
(861, 7, 329, 'Head neck shoulder massage', 'Head neck shoulder massage', 2000, 150, 1, 0, 0),
(862, 7, 329, 'Foot reflesedogy', 'Foot reflesedogy', 1500, 120, 1, 0, 0),
(863, 7, 329, 'Any body palish / Body wrap', 'Any body palish / Body wrap', 2500, 180, 1, 0, 0),
(864, 7, 329, 'Any special facial', 'Any special facial', 1500, 150, 1, 0, 0),
(865, 7, 329, 'Any skin type facial', 'Any skin type facial', 2000, 180, 1, 0, 0),
(866, 8, 329, 'Manicure ', 'Manicure ', 300, 60, 1, 0, 0),
(867, 8, 329, 'Pedicure', 'Pedicure', 400, 90, 1, 0, 0),
(868, 8, 329, 'divine spa maincure', 'divine spa maincure', 500, 120, 1, 0, 0),
(869, 8, 329, 'divine spa pedicure', 'divine spa pedicure', 600, 120, 1, 0, 0),
(870, 8, 329, 'french tips', 'french tips', 200, 45, 1, 0, 0),
(871, 8, 329, 'nail art', 'nail art', 1000, 120, 1, 0, 0),
(872, 8, 329, 'cracked heel treatment', 'cracked heel treatment', 1000, 120, 1, 0, 0),
(873, 8, 329, 'sunil bajaj manicure spa', 'sunil bajaj manicure spa', 900, 90, 1, 0, 0),
(874, 8, 329, 'sunil bajaj pedicure spa', 'sunil bajaj pedicure spa', 1100, 120, 1, 0, 0),
(875, 9, 329, 'cleansing', 'cleansing', 250, 45, 1, 0, 0),
(876, 9, 329, 'de-tan-cleansing', 'de-tan-cleansing', 500, 90, 1, 0, 0),
(877, 10, 329, 'Normal facial', 'Normal facial', 650, 90, 1, 0, 0),
(878, 10, 329, 'Cool cucumber', 'Cool cucumber', 800, 120, 1, 0, 0),
(879, 10, 329, 'Sandalwood', 'Sandalwood', 900, 120, 1, 0, 0),
(880, 10, 329, 'Peppermint', 'Peppermint', 700, 90, 1, 0, 0),
(881, 10, 329, 'aloe vera qel', 'aloe vera qel', 1100, 120, 1, 0, 0),
(882, 9, 329, 'Fresh fruit', 'Fresh fruit', 1200, 120, 1, 0, 0),
(883, 9, 329, 'Shahnaz normal', 'Shahnaz normal', 1200, 150, 1, 0, 0),
(884, 9, 329, 'Shahnaz gold', 'Shahnaz gold', 1500, 120, 1, 0, 0),
(885, 9, 329, 'Diamond', 'Diamond', 2000, 150, 1, 0, 0),
(886, 9, 329, 'Flower', 'Flower', 1000, 120, 1, 0, 0),
(887, 10, 329, 'Papaya', 'Papaya', 1000, 90, 1, 0, 0),
(888, 9, 329, 'aroma', 'aroma', 1100, 90, 1, 0, 0),
(889, 9, 329, '03 oxy', '03 oxy', 1100, 90, 1, 0, 0),
(890, 9, 329, 'Silver', 'Silver', 1000, 90, 1, 0, 0),
(891, 9, 329, 'Depiqmentation', 'Depiqmentation', 1500, 90, 1, 0, 0),
(892, 9, 329, 'instafair', 'instafair', 1200, 90, 1, 0, 0),
(893, 9, 329, 'Hydrating', 'Hydrating', 1300, 120, 1, 0, 0),
(894, 9, 329, 'Gold sheen', 'Gold sheen', 1800, 120, 1, 0, 0),
(895, 9, 329, '03 whitening', '03 whitening', 1500, 120, 1, 0, 0),
(896, 9, 329, '03 seaweed', '03 seaweed', 1500, 120, 1, 0, 0),
(897, 9, 329, 'Pearl facial ', 'Pearl facial ', 2000, 150, 1, 0, 0),
(898, 10, 329, 'divine spa hot chocolate', 'divine spa hot chocolate', 2500, 180, 1, 0, 0),
(899, 10, 329, 'divine spa uv rediation free treatment', 'divine spa uv rediation free treatment', 2500, 180, 1, 0, 0),
(900, 10, 329, 'Wine facial', 'Wine facial', 2500, 120, 1, 0, 0),
(901, 11, 329, 'Aroma therapy head massage', 'Aroma therapy head massage', 350, 120, 1, 0, 0),
(902, 11, 329, 'Deep conditioning', 'Deep conditioning', 450, 120, 1, 0, 0),
(903, 11, 329, 'Hair spa (men)', 'Hair spa (men)', 800, 150, 1, 0, 0),
(904, 11, 329, 'Hair spa (women)', 'Hair spa (women)', 850, 150, 1, 0, 0),
(905, 11, 329, 'Candling', 'Candling', 450, 45, 1, 0, 0),
(906, 11, 329, 'Hair fall treatment', 'Hair fall treatment', 1000, 120, 1, 0, 0),
(907, 11, 329, 'Dandruff treatment', 'Dandruff treatment', 1000, 150, 1, 0, 0),
(908, 11, 329, 'ozone treatment', 'ozone treatment', 1000, 180, 1, 0, 0),
(909, 11, 329, 'Split ends', 'Split ends', 350, 90, 1, 0, 0),
(910, 11, 329, 'Scientific head massage', 'Scientific head massage', 500, 150, 1, 0, 0),
(911, 1, 330, 'Full legs', 'Full legs', 200, 60, 1, 0, 0),
(912, 1, 330, 'half legs', 'half legs', 150, 45, 1, 0, 0),
(913, 1, 330, 'Full arms', 'Full arms', 150, 45, 1, 0, 0),
(914, 1, 330, 'Half arms', 'Half arms', 100, 30, 1, 0, 0),
(915, 1, 330, 'Under arms', 'Under arms', 100, 30, 1, 0, 0),
(916, 1, 330, 'Under lip/chin', 'Under lip/chin', 50, 15, 1, 0, 0),
(917, 1, 330, 'Stomach / full back', 'Stomach / full back', 300, 90, 1, 0, 0),
(918, 1, 330, 'Bikini', 'Bikini', 800, 240, 1, 0, 0),
(919, 1, 330, 'Full body waxing', 'Full body waxing', 1200, 360, 1, 0, 0),
(920, 2, 330, 'Lipstick', 'Lipstick', 200, 60, 1, 0, 0),
(921, 2, 330, 'Eye', 'Eye', 1000, 180, 1, 0, 0),
(922, 2, 330, 'Party', 'Party', 2100, 360, 1, 0, 0),
(923, 2, 330, 'Enqaqment', 'Enqaqment', 5100, 480, 1, 0, 0),
(924, 2, 330, 'Bridal', 'Bridal', 5100, 480, 1, 0, 0),
(925, 2, 330, 'Reception', 'Reception', 7100, 480, 1, 0, 0),
(926, 2, 330, 'Saree / dress drape', 'Saree / dress drape', 350, 60, 1, 0, 0),
(927, 2, 330, 'concealing + base', 'concealing + base', 1000, 360, 1, 0, 0),
(928, 2, 330, 'blush on', 'blush on', 100, 30, 1, 0, 0),
(929, 3, 330, 'Eye brows', 'Eye brows', 100, 30, 1, 0, 0),
(930, 3, 330, 'upper lips', 'upper lips', 30, 15, 1, 0, 0),
(931, 3, 330, 'chin /forehead', 'chin /forehead', 30, 15, 1, 0, 0),
(932, 3, 330, 'sides', 'sides', 50, 30, 1, 0, 0),
(933, 3, 330, 'full face', 'full face', 100, 60, 1, 0, 0),
(934, 4, 330, 'face (fruit/jolen/oxy/fem)', 'face (fruit/jolen/oxy/fem)', 350, 120, 1, 0, 0),
(935, 4, 330, 'feet hands', 'feet hands', 200, 60, 1, 0, 0),
(936, 4, 330, 'stomach half back', 'stomach half back', 500, 150, 1, 0, 0),
(937, 4, 330, 'full back', 'full back', 400, 150, 1, 0, 0),
(938, 4, 330, 'arms', 'arms', 350, 60, 1, 0, 0),
(939, 4, 330, 'legs', 'legs', 600, 120, 1, 0, 0),
(940, 4, 330, 'de-tan-pack', 'de-tan-pack', 450, 90, 1, 0, 0),
(941, 4, 330, 'full body bleach', 'full body bleach', 2000, 360, 1, 0, 0),
(942, 4, 330, 'full body d tan pack', 'full body d tan pack', 2000, 360, 1, 0, 0),
(943, 5, 330, 'head wash shampoo', 'head wash shampoo', 150, 45, 1, 0, 0),
(944, 5, 330, 'conditioner', 'conditioner', 100, 30, 1, 0, 0),
(945, 5, 330, 'trim', 'trim', 200, 60, 1, 0, 0),
(946, 5, 330, 'cut', 'cut', 350, 60, 1, 0, 0),
(947, 5, 330, 'straight blow dry (with wash)', 'straight blow dry (with wash)', 350, 90, 1, 0, 0),
(948, 5, 330, 'flat iron (based on length)', 'flat iron (based on length)', 300, 90, 1, 0, 0),
(949, 5, 330, 'crimping / roller setting', 'crimping / roller setting', 500, 120, 1, 0, 0),
(950, 5, 330, 'hair do', 'hair do', 700, 120, 1, 0, 0),
(951, 5, 330, 'color touch up', 'color touch up', 700, 90, 1, 0, 0),
(952, 5, 330, 'hair color (based on length)', 'hair color (based on length)', 2000, 180, 1, 0, 0),
(953, 5, 330, 'henna with shampoo', 'henna with shampoo', 300, 45, 1, 0, 0),
(954, 5, 330, 're-bonding (based on length)', 're-bonding (based on length)', 5500, 210, 1, 0, 0),
(955, 5, 330, 'hair cut for men', 'hair cut for men', 200, 60, 1, 0, 0),
(956, 5, 330, 'shave', 'shave', 200, 45, 1, 0, 0),
(957, 5, 330, 'beard trim / style', 'beard trim / style', 100, 30, 1, 0, 0),
(958, 5, 330, 'divine signature cut for men', 'divine signature cut for men', 100, 30, 1, 0, 0),
(959, 5, 330, 'divine signature cut for men', 'divine signature cut for men', 500, 90, 1, 0, 0),
(960, 6, 330, 'Inch loss / weight loss (per sitting)', 'Inch loss / weight loss (per sitting)', 300, 90, 1, 0, 0),
(961, 6, 330, 'Tuck 800 (per sitting)', 'Tuck 800 (per sitting)', 800, 150, 1, 0, 0),
(962, 7, 330, 'Ayurvedic massage', 'Ayurvedic massage', 2000, 360, 1, 0, 0),
(963, 7, 330, 'Aroma therapy massage', 'Aroma therapy massage', 1000, 360, 1, 0, 0),
(964, 7, 330, 'Swedish deep tissue massage', 'Swedish deep tissue massage', 3500, 390, 1, 0, 0),
(965, 7, 330, 'Body polishing (with pack) spa', 'Body polishing (with pack) spa', 3000, 390, 1, 0, 0),
(966, 7, 330, 'Body exfoilation (for brides)', 'Body exfoilation (for brides)', 2500, 300, 1, 0, 0),
(967, 7, 330, 'Arms / back polishing', 'Arms / back polishing', 1500, 180, 1, 0, 0),
(968, 7, 330, 'Foot massage', 'Foot massage', 450, 90, 1, 0, 0),
(969, 7, 330, 'Thai massage', 'Thai massage', 2000, 120, 1, 0, 0),
(970, 7, 330, 'Potli massage', 'Potli massage', 3000, 150, 1, 0, 0),
(971, 7, 330, 'Acupressure massage', 'Acupressure massage', 2500, 180, 1, 0, 0),
(972, 7, 330, 'Head neck shoulder massage', 'Head neck shoulder massage', 2000, 150, 1, 0, 0),
(973, 7, 330, 'Foot reflesedogy', 'Foot reflesedogy', 1500, 120, 1, 0, 0),
(974, 7, 330, 'Any body palish / Body wrap', 'Any body palish / Body wrap', 2500, 180, 1, 0, 0),
(975, 7, 330, 'Any special facial', 'Any special facial', 1500, 150, 1, 0, 0),
(976, 7, 330, 'Any skin type facial', 'Any skin type facial', 2000, 180, 1, 0, 0),
(977, 8, 330, 'Manicure ', 'Manicure ', 300, 60, 1, 0, 0),
(978, 8, 330, 'Pedicure', 'Pedicure', 400, 90, 1, 0, 0),
(979, 8, 330, 'divine spa maincure', 'divine spa maincure', 500, 120, 1, 0, 0),
(980, 8, 330, 'divine spa pedicure', 'divine spa pedicure', 600, 120, 1, 0, 0),
(981, 8, 330, 'french tips', 'french tips', 200, 45, 1, 0, 0),
(982, 8, 330, 'nail art', 'nail art', 1000, 120, 1, 0, 0),
(983, 8, 330, 'cracked heel treatment', 'cracked heel treatment', 1000, 120, 1, 0, 0),
(984, 8, 330, 'sunil bajaj manicure spa', 'sunil bajaj manicure spa', 900, 90, 1, 0, 0),
(985, 8, 330, 'sunil bajaj pedicure spa', 'sunil bajaj pedicure spa', 1100, 120, 1, 0, 0),
(986, 9, 330, 'cleansing', 'cleansing', 250, 45, 1, 0, 0),
(987, 9, 330, 'de-tan-cleansing', 'de-tan-cleansing', 500, 90, 1, 0, 0),
(988, 10, 330, 'Normal facial', 'Normal facial', 650, 90, 1, 0, 0),
(989, 10, 330, 'Cool cucumber', 'Cool cucumber', 800, 120, 1, 0, 0),
(990, 10, 330, 'Sandalwood', 'Sandalwood', 900, 120, 1, 0, 0),
(991, 10, 330, 'Peppermint', 'Peppermint', 700, 90, 1, 0, 0),
(992, 10, 330, 'aloe vera qel', 'aloe vera qel', 1100, 120, 1, 0, 0),
(993, 9, 330, 'Fresh fruit', 'Fresh fruit', 1200, 120, 1, 0, 0),
(994, 9, 330, 'Shahnaz normal', 'Shahnaz normal', 1200, 150, 1, 0, 0),
(995, 9, 330, 'Shahnaz gold', 'Shahnaz gold', 1500, 120, 1, 0, 0),
(996, 9, 330, 'Diamond', 'Diamond', 2000, 150, 1, 0, 0),
(997, 9, 330, 'Flower', 'Flower', 1000, 120, 1, 0, 0),
(998, 10, 330, 'Papaya', 'Papaya', 1000, 90, 1, 0, 0),
(999, 9, 330, 'aroma', 'aroma', 1100, 90, 1, 0, 0),
(1000, 9, 330, '03 oxy', '03 oxy', 1100, 90, 1, 0, 0),
(1001, 9, 330, 'Silver', 'Silver', 1000, 90, 1, 0, 0),
(1002, 9, 330, 'Depiqmentation', 'Depiqmentation', 1500, 90, 1, 0, 0),
(1003, 9, 330, 'instafair', 'instafair', 1200, 90, 1, 0, 0),
(1004, 9, 330, 'Hydrating', 'Hydrating', 1300, 120, 1, 0, 0),
(1005, 9, 330, 'Gold sheen', 'Gold sheen', 1800, 120, 1, 0, 0),
(1006, 9, 330, '03 whitening', '03 whitening', 1500, 120, 1, 0, 0),
(1007, 9, 330, '03 seaweed', '03 seaweed', 1500, 120, 1, 0, 0),
(1008, 9, 330, 'Pearl facial ', 'Pearl facial ', 2000, 150, 1, 0, 0),
(1009, 10, 330, 'divine spa hot chocolate', 'divine spa hot chocolate', 2500, 180, 1, 0, 0),
(1010, 10, 330, 'divine spa uv rediation free treatment', 'divine spa uv rediation free treatment', 2500, 180, 1, 0, 0),
(1011, 10, 330, 'Wine facial', 'Wine facial', 2500, 120, 1, 0, 0),
(1012, 11, 330, 'Aroma therapy head massage', 'Aroma therapy head massage', 350, 120, 1, 0, 0),
(1013, 11, 330, 'Deep conditioning', 'Deep conditioning', 450, 120, 1, 0, 0),
(1014, 11, 330, 'Hair spa (men)', 'Hair spa (men)', 800, 150, 1, 0, 0),
(1015, 11, 330, 'Hair spa (women)', 'Hair spa (women)', 850, 150, 1, 0, 0),
(1016, 11, 330, 'Candling', 'Candling', 450, 45, 1, 0, 0),
(1017, 11, 330, 'Hair fall treatment', 'Hair fall treatment', 1000, 120, 1, 0, 0),
(1018, 11, 330, 'Dandruff treatment', 'Dandruff treatment', 1000, 150, 1, 0, 0),
(1019, 11, 330, 'ozone treatment', 'ozone treatment', 1000, 180, 1, 0, 0),
(1020, 11, 330, 'Split ends', 'Split ends', 350, 90, 1, 0, 0),
(1021, 11, 330, 'Scientific head massage', 'Scientific head massage', 500, 150, 1, 0, 0),
(1023, 1, 331, 'Full legs', 'Full legs', 200, 60, 1, 0, 0),
(1024, 1, 331, 'half legs', 'half legs', 150, 45, 1, 0, 0),
(1025, 1, 331, 'Full arms', 'Full arms', 150, 45, 1, 0, 0),
(1026, 1, 331, 'Half arms', 'Half arms', 100, 30, 1, 0, 0),
(1027, 1, 331, 'Under arms', 'Under arms', 100, 30, 1, 0, 0),
(1028, 1, 331, 'Under lip/chin', 'Under lip/chin', 50, 15, 1, 0, 0),
(1029, 1, 331, 'Stomach / full back', 'Stomach / full back', 300, 90, 1, 0, 0),
(1030, 1, 331, 'Bikini', 'Bikini', 800, 240, 1, 0, 0),
(1031, 1, 331, 'Full body waxing', 'Full body waxing', 1200, 360, 1, 0, 0),
(1032, 2, 331, 'Lipstick', 'Lipstick', 200, 60, 1, 0, 0),
(1033, 2, 331, 'Eye', 'Eye', 1000, 180, 1, 0, 0),
(1034, 2, 331, 'Party', 'Party', 2100, 360, 1, 0, 0),
(1035, 2, 331, 'Enqaqment', 'Enqaqment', 5100, 480, 1, 0, 0),
(1036, 2, 331, 'Bridal', 'Bridal', 5100, 480, 1, 0, 0),
(1037, 2, 331, 'Reception', 'Reception', 7100, 480, 1, 0, 0),
(1038, 2, 331, 'Saree / dress drape', 'Saree / dress drape', 350, 60, 1, 0, 0),
(1039, 2, 331, 'concealing + base', 'concealing + base', 1000, 360, 1, 0, 0),
(1040, 2, 331, 'blush on', 'blush on', 100, 30, 1, 0, 0),
(1041, 3, 331, 'Eye brows', 'Eye brows', 100, 30, 1, 0, 0),
(1042, 3, 331, 'upper lips', 'upper lips', 30, 15, 1, 0, 0),
(1043, 3, 331, 'chin /forehead', 'chin /forehead', 30, 15, 1, 0, 0),
(1044, 3, 331, 'sides', 'sides', 50, 30, 1, 0, 0),
(1045, 3, 331, 'full face', 'full face', 100, 60, 1, 0, 0),
(1046, 4, 331, 'face (fruit/jolen/oxy/fem)', 'face (fruit/jolen/oxy/fem)', 350, 120, 1, 0, 0),
(1047, 4, 331, 'feet hands', 'feet hands', 200, 60, 1, 0, 0),
(1048, 4, 331, 'stomach half back', 'stomach half back', 500, 150, 1, 0, 0),
(1049, 4, 331, 'full back', 'full back', 400, 150, 1, 0, 0),
(1050, 4, 331, 'arms', 'arms', 350, 60, 1, 0, 0),
(1051, 4, 331, 'legs', 'legs', 600, 120, 1, 0, 0),
(1052, 4, 331, 'de-tan-pack', 'de-tan-pack', 450, 90, 1, 0, 0),
(1053, 4, 331, 'full body bleach', 'full body bleach', 2000, 360, 1, 0, 0),
(1054, 4, 331, 'full body d tan pack', 'full body d tan pack', 2000, 360, 1, 0, 0),
(1055, 5, 331, 'head wash shampoo', 'head wash shampoo', 150, 45, 1, 0, 0),
(1056, 5, 331, 'conditioner', 'conditioner', 100, 30, 1, 0, 0),
(1057, 5, 331, 'trim', 'trim', 200, 60, 1, 0, 0),
(1058, 5, 331, 'cut', 'cut', 350, 60, 1, 0, 0),
(1059, 5, 331, 'straight blow dry (with wash)', 'straight blow dry (with wash)', 350, 90, 1, 0, 0),
(1060, 5, 331, 'flat iron (based on length)', 'flat iron (based on length)', 300, 90, 1, 0, 0),
(1061, 5, 331, 'crimping / roller setting', 'crimping / roller setting', 500, 120, 1, 0, 0),
(1062, 5, 331, 'hair do', 'hair do', 700, 120, 1, 0, 0),
(1063, 5, 331, 'color touch up', 'color touch up', 700, 90, 1, 0, 0),
(1064, 5, 331, 'hair color (based on length)', 'hair color (based on length)', 2000, 180, 1, 0, 0),
(1065, 5, 331, 'henna with shampoo', 'henna with shampoo', 300, 45, 1, 0, 0),
(1066, 5, 331, 're-bonding (based on length)', 're-bonding (based on length)', 5500, 210, 1, 0, 0),
(1067, 5, 331, 'hair cut for men', 'hair cut for men', 200, 60, 1, 0, 0),
(1068, 5, 331, 'shave', 'shave', 200, 45, 1, 0, 0),
(1069, 5, 331, 'beard trim / style', 'beard trim / style', 100, 30, 1, 0, 0),
(1070, 5, 331, 'divine signature cut for men', 'divine signature cut for men', 100, 30, 1, 0, 0),
(1071, 5, 331, 'divine signature cut for men', 'divine signature cut for men', 500, 90, 1, 0, 0),
(1072, 6, 331, 'Inch loss / weight loss (per sitting)', 'Inch loss / weight loss (per sitting)', 300, 90, 1, 0, 0),
(1073, 6, 331, 'Tuck 800 (per sitting)', 'Tuck 800 (per sitting)', 800, 150, 1, 0, 0),
(1074, 7, 331, 'Ayurvedic massage', 'Ayurvedic massage', 2000, 360, 1, 0, 0),
(1075, 7, 331, 'Aroma therapy massage', 'Aroma therapy massage', 1000, 360, 1, 0, 0),
(1076, 7, 331, 'Swedish deep tissue massage', 'Swedish deep tissue massage', 3500, 390, 1, 0, 0),
(1077, 7, 331, 'Body polishing (with pack) spa', 'Body polishing (with pack) spa', 3000, 390, 1, 0, 0),
(1078, 7, 331, 'Body exfoilation (for brides)', 'Body exfoilation (for brides)', 2500, 300, 1, 0, 0),
(1079, 7, 331, 'Arms / back polishing', 'Arms / back polishing', 1500, 180, 1, 0, 0),
(1080, 7, 331, 'Foot massage', 'Foot massage', 450, 90, 1, 0, 0),
(1081, 7, 331, 'Thai massage', 'Thai massage', 2000, 120, 1, 0, 0),
(1082, 7, 331, 'Potli massage', 'Potli massage', 3000, 150, 1, 0, 0),
(1083, 7, 331, 'Acupressure massage', 'Acupressure massage', 2500, 180, 1, 0, 0),
(1084, 7, 331, 'Head neck shoulder massage', 'Head neck shoulder massage', 2000, 150, 1, 0, 0),
(1085, 7, 331, 'Foot reflesedogy', 'Foot reflesedogy', 1500, 120, 1, 0, 0),
(1086, 7, 331, 'Any body palish / Body wrap', 'Any body palish / Body wrap', 2500, 180, 1, 0, 0),
(1087, 7, 331, 'Any special facial', 'Any special facial', 1500, 150, 1, 0, 0),
(1088, 7, 331, 'Any skin type facial', 'Any skin type facial', 2000, 180, 1, 0, 0),
(1089, 8, 331, 'Manicure ', 'Manicure ', 300, 60, 1, 0, 0),
(1090, 8, 331, 'Pedicure', 'Pedicure', 400, 90, 1, 0, 0),
(1091, 8, 331, 'divine spa maincure', 'divine spa maincure', 500, 120, 1, 0, 0),
(1092, 8, 331, 'divine spa pedicure', 'divine spa pedicure', 600, 120, 1, 0, 0),
(1093, 8, 331, 'french tips', 'french tips', 200, 45, 1, 0, 0),
(1094, 8, 331, 'nail art', 'nail art', 1000, 120, 1, 0, 0),
(1095, 8, 331, 'cracked heel treatment', 'cracked heel treatment', 1000, 120, 1, 0, 0),
(1096, 8, 331, 'sunil bajaj manicure spa', 'sunil bajaj manicure spa', 900, 90, 1, 0, 0),
(1097, 8, 331, 'sunil bajaj pedicure spa', 'sunil bajaj pedicure spa', 1100, 120, 1, 0, 0),
(1098, 9, 331, 'cleansing', 'cleansing', 250, 45, 1, 0, 0),
(1099, 9, 331, 'de-tan-cleansing', 'de-tan-cleansing', 500, 90, 1, 0, 0),
(1100, 10, 331, 'Normal facial', 'Normal facial', 650, 90, 1, 0, 0),
(1101, 10, 331, 'Cool cucumber', 'Cool cucumber', 800, 120, 1, 0, 0),
(1102, 10, 331, 'Sandalwood', 'Sandalwood', 900, 120, 1, 0, 0),
(1103, 10, 331, 'Peppermint', 'Peppermint', 700, 90, 1, 0, 0),
(1104, 10, 331, 'aloe vera qel', 'aloe vera qel', 1100, 120, 1, 0, 0),
(1105, 9, 331, 'Fresh fruit', 'Fresh fruit', 1200, 120, 1, 0, 0),
(1106, 9, 331, 'Shahnaz normal', 'Shahnaz normal', 1200, 150, 1, 0, 0),
(1107, 9, 331, 'Shahnaz gold', 'Shahnaz gold', 1500, 120, 1, 0, 0),
(1108, 9, 331, 'Diamond', 'Diamond', 2000, 150, 1, 0, 0),
(1109, 9, 331, 'Flower', 'Flower', 1000, 120, 1, 0, 0),
(1110, 10, 331, 'Papaya', 'Papaya', 1000, 90, 1, 0, 0),
(1111, 9, 331, 'aroma', 'aroma', 1100, 90, 1, 0, 0),
(1112, 9, 331, '03 oxy', '03 oxy', 1100, 90, 1, 0, 0),
(1113, 9, 331, 'Silver', 'Silver', 1000, 90, 1, 0, 0),
(1114, 9, 331, 'Depiqmentation', 'Depiqmentation', 1500, 90, 1, 0, 0),
(1115, 9, 331, 'instafair', 'instafair', 1200, 90, 1, 0, 0),
(1116, 9, 331, 'Hydrating', 'Hydrating', 1300, 120, 1, 0, 0),
(1117, 9, 331, 'Gold sheen', 'Gold sheen', 1800, 120, 1, 0, 0),
(1118, 9, 331, '03 whitening', '03 whitening', 1500, 120, 1, 0, 0),
(1119, 9, 331, '03 seaweed', '03 seaweed', 1500, 120, 1, 0, 0),
(1120, 9, 331, 'Pearl facial ', 'Pearl facial ', 2000, 150, 1, 0, 0),
(1121, 10, 331, 'divine spa hot chocolate', 'divine spa hot chocolate', 2500, 180, 1, 0, 0),
(1122, 10, 331, 'divine spa uv rediation free treatment', 'divine spa uv rediation free treatment', 2500, 180, 1, 0, 0),
(1123, 10, 331, 'Wine facial', 'Wine facial', 2500, 120, 1, 0, 0),
(1124, 11, 331, 'Aroma therapy head massage', 'Aroma therapy head massage', 350, 120, 1, 0, 0),
(1125, 11, 331, 'Deep conditioning', 'Deep conditioning', 450, 120, 1, 0, 0),
(1126, 11, 331, 'Hair spa (men)', 'Hair spa (men)', 800, 150, 1, 0, 0),
(1127, 11, 331, 'Hair spa (women)', 'Hair spa (women)', 850, 150, 1, 0, 0),
(1128, 11, 331, 'Candling', 'Candling', 450, 45, 1, 0, 0),
(1129, 11, 331, 'Hair fall treatment', 'Hair fall treatment', 1000, 120, 1, 0, 0),
(1130, 11, 331, 'Dandruff treatment', 'Dandruff treatment', 1000, 150, 1, 0, 0),
(1131, 11, 331, 'ozone treatment', 'ozone treatment', 1000, 180, 1, 0, 0),
(1132, 11, 331, 'Split ends', 'Split ends', 350, 90, 1, 0, 0),
(1133, 11, 331, 'Scientific head massage', 'Scientific head massage', 500, 150, 1, 0, 0),
(1134, 1, 332, 'Full legs', 'Full legs', 200, 60, 1, 0, 0),
(1135, 1, 332, 'half legs', 'half legs', 150, 45, 1, 0, 0),
(1136, 1, 332, 'Full arms', 'Full arms', 150, 45, 1, 0, 0),
(1137, 1, 332, 'Half arms', 'Half arms', 100, 30, 1, 0, 0),
(1138, 1, 332, 'Under arms', 'Under arms', 100, 30, 1, 0, 0),
(1139, 1, 332, 'Under lip/chin', 'Under lip/chin', 50, 15, 1, 0, 0),
(1140, 1, 332, 'Stomach / full back', 'Stomach / full back', 300, 90, 1, 0, 0),
(1141, 1, 332, 'Bikini', 'Bikini', 800, 240, 1, 0, 0),
(1142, 1, 332, 'Full body waxing', 'Full body waxing', 1200, 360, 1, 0, 0),
(1143, 2, 332, 'Lipstick', 'Lipstick', 200, 60, 1, 0, 0),
(1144, 2, 332, 'Eye', 'Eye', 1000, 180, 1, 0, 0),
(1145, 2, 332, 'Party', 'Party', 2100, 360, 1, 0, 0),
(1146, 2, 332, 'Enqaqment', 'Enqaqment', 5100, 480, 1, 0, 0),
(1147, 2, 332, 'Bridal', 'Bridal', 5100, 480, 1, 0, 0),
(1148, 2, 332, 'Reception', 'Reception', 7100, 480, 1, 0, 0),
(1149, 2, 332, 'Saree / dress drape', 'Saree / dress drape', 350, 60, 1, 0, 0),
(1150, 2, 332, 'concealing + base', 'concealing + base', 1000, 360, 1, 0, 0),
(1151, 2, 332, 'blush on', 'blush on', 100, 30, 1, 0, 0),
(1152, 3, 332, 'Eye brows', 'Eye brows', 100, 30, 1, 0, 0),
(1153, 3, 332, 'upper lips', 'upper lips', 30, 15, 1, 0, 0),
(1154, 3, 332, 'chin /forehead', 'chin /forehead', 30, 15, 1, 0, 0),
(1155, 3, 332, 'sides', 'sides', 50, 30, 1, 0, 0),
(1156, 3, 332, 'full face', 'full face', 100, 60, 1, 0, 0),
(1157, 4, 332, 'face (fruit/jolen/oxy/fem)', 'face (fruit/jolen/oxy/fem)', 350, 120, 1, 0, 0),
(1158, 4, 332, 'feet hands', 'feet hands', 200, 60, 1, 0, 0),
(1159, 4, 332, 'stomach half back', 'stomach half back', 500, 150, 1, 0, 0),
(1160, 4, 332, 'full back', 'full back', 400, 150, 1, 0, 0),
(1161, 4, 332, 'arms', 'arms', 350, 60, 1, 0, 0),
(1162, 4, 332, 'legs', 'legs', 600, 120, 1, 0, 0),
(1163, 4, 332, 'de-tan-pack', 'de-tan-pack', 450, 90, 1, 0, 0),
(1164, 4, 332, 'full body bleach', 'full body bleach', 2000, 360, 0, 0, 0),
(1165, 4, 332, 'full body d tan pack', 'full body d tan pack', 2000, 360, 0, 0, 0),
(1166, 5, 332, 'head wash shampoo', 'head wash shampoo', 150, 45, 0, 0, 0),
(1167, 5, 332, 'conditioner', 'conditioner', 100, 30, 0, 0, 0),
(1168, 5, 332, 'trim', 'trim', 200, 60, 0, 0, 0),
(1169, 5, 332, 'cut', 'cut', 350, 60, 0, 0, 0),
(1170, 5, 332, 'straight blow dry (with wash)', 'straight blow dry (with wash)', 350, 90, 0, 0, 0),
(1171, 5, 332, 'flat iron (based on length)', 'flat iron (based on length)', 300, 90, 0, 0, 0),
(1172, 5, 332, 'crimping / roller setting', 'crimping / roller setting', 500, 120, 0, 0, 0),
(1173, 5, 332, 'hair do', 'hair do', 700, 120, 0, 0, 0),
(1174, 5, 332, 'color touch up', 'color touch up', 700, 90, 0, 0, 0),
(1175, 5, 332, 'hair color (based on length)', 'hair color (based on length)', 2000, 180, 0, 0, 0),
(1176, 5, 332, 'henna with shampoo', 'henna with shampoo', 300, 45, 0, 0, 0),
(1177, 5, 332, 're-bonding (based on length)', 're-bonding (based on length)', 5500, 210, 0, 0, 0),
(1178, 5, 332, 'hair cut for men', 'hair cut for men', 200, 60, 0, 0, 0),
(1179, 5, 332, 'shave', 'shave', 200, 45, 0, 0, 0),
(1180, 5, 332, 'beard trim / style', 'beard trim / style', 100, 30, 0, 0, 0),
(1181, 5, 332, 'divine signature cut for men', 'divine signature cut for men', 100, 30, 0, 0, 0),
(1182, 5, 332, 'divine signature cut for men', 'divine signature cut for men', 500, 90, 0, 0, 0),
(1183, 6, 332, 'Inch loss / weight loss (per sitting)', 'Inch loss / weight loss (per sitting)', 300, 90, 0, 0, 0),
(1184, 6, 332, 'Tuck 800 (per sitting)', 'Tuck 800 (per sitting)', 800, 150, 0, 0, 0),
(1185, 7, 332, 'Ayurvedic massage', 'Ayurvedic massage', 2000, 360, 0, 0, 0),
(1186, 7, 332, 'Aroma therapy massage', 'Aroma therapy massage', 1000, 360, 0, 0, 0),
(1187, 7, 332, 'Swedish deep tissue massage', 'Swedish deep tissue massage', 3500, 390, 0, 0, 0),
(1188, 7, 332, 'Body polishing (with pack) spa', 'Body polishing (with pack) spa', 3000, 390, 0, 0, 0),
(1189, 7, 332, 'Body exfoilation (for brides)', 'Body exfoilation (for brides)', 2500, 300, 0, 0, 0),
(1190, 7, 332, 'Arms / back polishing', 'Arms / back polishing', 1500, 180, 0, 0, 0),
(1191, 7, 332, 'Foot massage', 'Foot massage', 450, 90, 0, 0, 0),
(1192, 7, 332, 'Thai massage', 'Thai massage', 2000, 120, 0, 0, 0),
(1193, 7, 332, 'Potli massage', 'Potli massage', 3000, 150, 0, 0, 0),
(1194, 7, 332, 'Acupressure massage', 'Acupressure massage', 2500, 180, 0, 0, 0),
(1195, 7, 332, 'Head neck shoulder massage', 'Head neck shoulder massage', 2000, 150, 0, 0, 0),
(1196, 7, 332, 'Foot reflesedogy', 'Foot reflesedogy', 1500, 120, 0, 0, 0),
(1197, 7, 332, 'Any body palish / Body wrap', 'Any body palish / Body wrap', 2500, 180, 0, 0, 0),
(1198, 7, 332, 'Any special facial', 'Any special facial', 1500, 150, 0, 0, 0),
(1199, 7, 332, 'Any skin type facial', 'Any skin type facial', 2000, 180, 0, 0, 0),
(1200, 8, 332, 'Manicure ', 'Manicure ', 300, 60, 0, 0, 0),
(1201, 8, 332, 'Pedicure', 'Pedicure', 400, 90, 0, 0, 0),
(1202, 8, 332, 'divine spa maincure', 'divine spa maincure', 500, 120, 0, 0, 0),
(1203, 8, 332, 'divine spa pedicure', 'divine spa pedicure', 600, 120, 0, 0, 0),
(1204, 8, 332, 'french tips', 'french tips', 200, 45, 0, 0, 0),
(1205, 8, 332, 'nail art', 'nail art', 1000, 120, 0, 0, 0),
(1206, 8, 332, 'cracked heel treatment', 'cracked heel treatment', 1000, 120, 0, 0, 0),
(1207, 8, 332, 'sunil bajaj manicure spa', 'sunil bajaj manicure spa', 900, 90, 0, 0, 0),
(1208, 8, 332, 'sunil bajaj pedicure spa', 'sunil bajaj pedicure spa', 1100, 120, 0, 0, 0),
(1209, 9, 332, 'cleansing', 'cleansing', 250, 45, 0, 0, 0),
(1210, 9, 332, 'de-tan-cleansing', 'de-tan-cleansing', 500, 90, 0, 0, 0),
(1211, 10, 332, 'Normal facial', 'Normal facial', 650, 90, 0, 0, 0),
(1212, 10, 332, 'Cool cucumber', 'Cool cucumber', 800, 120, 0, 0, 0),
(1213, 10, 332, 'Sandalwood', 'Sandalwood', 900, 120, 0, 0, 0),
(1214, 10, 332, 'Peppermint', 'Peppermint', 700, 90, 0, 0, 0),
(1215, 10, 332, 'aloe vera qel', 'aloe vera qel', 1100, 120, 0, 0, 0),
(1216, 9, 332, 'Fresh fruit', 'Fresh fruit', 1200, 120, 0, 0, 0),
(1217, 9, 332, 'Shahnaz normal', 'Shahnaz normal', 1200, 150, 0, 0, 0),
(1218, 9, 332, 'Shahnaz gold', 'Shahnaz gold', 1500, 120, 0, 0, 0),
(1219, 9, 332, 'Diamond', 'Diamond', 2000, 150, 0, 0, 0),
(1220, 9, 332, 'Flower', 'Flower', 1000, 120, 0, 0, 0),
(1221, 10, 332, 'Papaya', 'Papaya', 1000, 90, 0, 0, 0),
(1222, 9, 332, 'aroma', 'aroma', 1100, 90, 0, 0, 0),
(1223, 9, 332, '03 oxy', '03 oxy', 1100, 90, 0, 0, 0),
(1224, 9, 332, 'Silver', 'Silver', 1000, 90, 0, 0, 0),
(1225, 9, 332, 'Depiqmentation', 'Depiqmentation', 1500, 90, 0, 0, 0),
(1226, 9, 332, 'instafair', 'instafair', 1200, 90, 0, 0, 0),
(1227, 9, 332, 'Hydrating', 'Hydrating', 1300, 120, 0, 0, 0),
(1228, 9, 332, 'Gold sheen', 'Gold sheen', 1800, 120, 0, 0, 0),
(1229, 9, 332, '03 whitening', '03 whitening', 1500, 120, 0, 0, 0),
(1230, 9, 332, '03 seaweed', '03 seaweed', 1500, 120, 0, 0, 0),
(1231, 9, 332, 'Pearl facial ', 'Pearl facial ', 2000, 150, 0, 0, 0),
(1232, 10, 332, 'divine spa hot chocolate', 'divine spa hot chocolate', 2500, 180, 0, 0, 0),
(1233, 10, 332, 'divine spa uv rediation free treatment', 'divine spa uv rediation free treatment', 2500, 180, 0, 0, 0),
(1234, 10, 332, 'Wine facial', 'Wine facial', 2500, 120, 0, 0, 0),
(1235, 11, 332, 'Aroma therapy head massage', 'Aroma therapy head massage', 350, 120, 0, 0, 0),
(1236, 11, 332, 'Deep conditioning', 'Deep conditioning', 450, 120, 0, 0, 0),
(1237, 11, 332, 'Hair spa (men)', 'Hair spa (men)', 800, 150, 0, 0, 0),
(1238, 11, 332, 'Hair spa (women)', 'Hair spa (women)', 850, 150, 0, 0, 0),
(1239, 11, 332, 'Candling', 'Candling', 450, 45, 0, 0, 0),
(1240, 11, 332, 'Hair fall treatment', 'Hair fall treatment', 1000, 120, 0, 0, 0),
(1241, 11, 332, 'Dandruff treatment', 'Dandruff treatment', 1000, 150, 0, 0, 0),
(1242, 11, 332, 'ozone treatment', 'ozone treatment', 1000, 180, 0, 0, 0),
(1243, 11, 332, 'Split ends', 'Split ends', 350, 90, 0, 0, 0),
(1244, 11, 332, 'Scientific head massage', 'Scientific head massage', 500, 150, 0, 0, 0),
(2355, 5, 332, 'Rancho Cut', 'Rancho Cut', 500, 60, 1, 0, 0),
(2498, 5, 332, 'Garnier Shampoo', 'Garnier fortified Lemon Shampoo', 200, 0, 1, 1, 1193),
(2499, 7, 332, 'Sunsilk Body Lotion', 'The SPF 15 Sunsilk body lotion.', 300, 0, 1, 1, 250),
(2612, 2, 332, 'Shehnaz Gold Cream', 'Shehnaz Gold Cream', 2000, 0, 1, 1, 100),
(2614, 1, 333, 'Full legs', 'Full legs', 200, 60, 1, 0, 0),
(2615, 1, 333, 'half legs', 'half legs', 150, 45, 1, 0, 0),
(2616, 1, 333, 'Full arms', 'Full arms', 150, 45, 1, 0, 0),
(2617, 1, 333, 'Half arms', 'Half arms', 100, 30, 1, 0, 0),
(2618, 1, 333, 'Under arms', 'Under arms', 100, 30, 1, 0, 0),
(2619, 1, 333, 'Under lip/chin', 'Under lip/chin', 50, 15, 1, 0, 0),
(2620, 1, 333, 'Stomach / full back', 'Stomach / full back', 300, 90, 1, 0, 0),
(2621, 1, 333, 'Bikini', 'Bikini', 800, 240, 1, 0, 0),
(2622, 1, 333, 'Full body waxing', 'Full body waxing', 1200, 360, 1, 0, 0),
(2623, 2, 333, 'Lipstick', 'Lipstick', 200, 60, 1, 0, 0),
(2624, 2, 333, 'Eye', 'Eye', 1000, 180, 1, 0, 0),
(2625, 2, 333, 'Party', 'Party', 2100, 360, 1, 0, 0),
(2626, 2, 333, 'Enqaqment', 'Enqaqment', 5100, 480, 1, 0, 0),
(2627, 2, 333, 'Bridal', 'Bridal', 5100, 480, 1, 0, 0),
(2628, 2, 333, 'Reception', 'Reception', 7100, 480, 1, 0, 0),
(2629, 2, 333, 'Saree / dress drape', 'Saree / dress drape', 350, 60, 1, 0, 0),
(2630, 2, 333, 'concealing + base', 'concealing + base', 1000, 360, 1, 0, 0),
(2631, 2, 333, 'blush on', 'blush on', 100, 30, 1, 0, 0),
(2632, 3, 333, 'Eye brows', 'Eye brows', 100, 30, 1, 0, 0),
(2633, 3, 333, 'upper lips', 'upper lips', 30, 15, 1, 0, 0),
(2634, 3, 333, 'chin /forehead', 'chin /forehead', 30, 15, 1, 0, 0),
(2635, 3, 333, 'sides', 'sides', 50, 30, 1, 0, 0),
(2636, 3, 333, 'full face', 'full face', 100, 60, 1, 0, 0),
(2637, 4, 333, 'face (fruit/jolen/oxy/fem)', 'face (fruit/jolen/oxy/fem)', 350, 120, 1, 0, 0),
(2638, 4, 333, 'feet hands', 'feet hands', 200, 60, 1, 0, 0),
(2639, 4, 333, 'stomach half back', 'stomach half back', 500, 150, 1, 0, 0),
(2640, 4, 333, 'full back', 'full back', 400, 150, 1, 0, 0),
(2641, 4, 333, 'arms', 'arms', 350, 60, 1, 0, 0),
(2642, 4, 333, 'legs', 'legs', 600, 120, 1, 0, 0),
(2643, 4, 333, 'de-tan-pack', 'de-tan-pack', 450, 90, 1, 0, 0),
(2644, 4, 333, 'full body bleach', 'full body bleach', 2000, 360, 1, 0, 0),
(2645, 4, 333, 'full body d tan pack', 'full body d tan pack', 2000, 360, 1, 0, 0),
(2646, 5, 333, 'head wash shampoo', 'head wash shampoo', 150, 45, 1, 0, 0),
(2647, 5, 333, 'conditioner', 'conditioner', 100, 30, 1, 0, 0),
(2648, 5, 333, 'trim', 'trim', 200, 60, 1, 0, 0),
(2649, 5, 333, 'cut', 'cut', 350, 60, 1, 0, 0),
(2650, 5, 333, 'straight blow dry (with wash)', 'straight blow dry (with wash)', 350, 90, 1, 0, 0),
(2651, 5, 333, 'flat iron (based on length)', 'flat iron (based on length)', 300, 90, 1, 0, 0),
(2652, 5, 333, 'crimping / roller setting', 'crimping / roller setting', 500, 120, 1, 0, 0),
(2653, 5, 333, 'hair do', 'hair do', 700, 120, 1, 0, 0),
(2654, 5, 333, 'color touch up', 'color touch up', 700, 90, 1, 0, 0),
(2655, 5, 333, 'hair color (based on length)', 'hair color (based on length)', 2000, 180, 1, 0, 0),
(2656, 5, 333, 'henna with shampoo', 'henna with shampoo', 300, 45, 1, 0, 0),
(2657, 5, 333, 're-bonding (based on length)', 're-bonding (based on length)', 5500, 210, 1, 0, 0),
(2658, 5, 333, 'hair cut for men', 'hair cut for men', 200, 60, 1, 0, 0),
(2659, 5, 333, 'shave', 'shave', 200, 45, 1, 0, 0),
(2660, 5, 333, 'beard trim / style', 'beard trim / style', 100, 30, 1, 0, 0),
(2661, 5, 333, 'divine signature cut for men', 'divine signature cut for men', 100, 30, 1, 0, 0),
(2662, 5, 333, 'divine signature cut for men', 'divine signature cut for men', 500, 90, 1, 0, 0),
(2663, 6, 333, 'Inch loss / weight loss (per sitting)', 'Inch loss / weight loss (per sitting)', 300, 90, 1, 0, 0),
(2664, 6, 333, 'Tuck 800 (per sitting)', 'Tuck 800 (per sitting)', 800, 150, 1, 0, 0),
(2665, 7, 333, 'Ayurvedic massage', 'Ayurvedic massage', 2000, 360, 1, 0, 0),
(2666, 7, 333, 'Aroma therapy massage', 'Aroma therapy massage', 1000, 360, 1, 0, 0),
(2667, 7, 333, 'Swedish deep tissue massage', 'Swedish deep tissue massage', 3500, 390, 1, 0, 0),
(2668, 7, 333, 'Body polishing (with pack) spa', 'Body polishing (with pack) spa', 3000, 390, 1, 0, 0),
(2669, 7, 333, 'Body exfoilation (for brides)', 'Body exfoilation (for brides)', 2500, 300, 1, 0, 0),
(2670, 7, 333, 'Arms / back polishing', 'Arms / back polishing', 1500, 180, 1, 0, 0),
(2671, 7, 333, 'Foot massage', 'Foot massage', 450, 90, 1, 0, 0),
(2672, 7, 333, 'Thai massage', 'Thai massage', 2000, 120, 1, 0, 0),
(2673, 7, 333, 'Potli massage', 'Potli massage', 3000, 150, 1, 0, 0),
(2674, 7, 333, 'Acupressure massage', 'Acupressure massage', 2500, 180, 1, 0, 0),
(2675, 7, 333, 'Head neck shoulder massage', 'Head neck shoulder massage', 2000, 150, 1, 0, 0),
(2676, 7, 333, 'Foot reflesedogy', 'Foot reflesedogy', 1500, 120, 1, 0, 0),
(2677, 7, 333, 'Any body palish / Body wrap', 'Any body palish / Body wrap', 2500, 180, 1, 0, 0),
(2678, 7, 333, 'Any special facial', 'Any special facial', 1500, 150, 1, 0, 0),
(2679, 7, 333, 'Any skin type facial', 'Any skin type facial', 2000, 180, 1, 0, 0),
(2680, 8, 333, 'Manicure ', 'Manicure ', 300, 60, 1, 0, 0),
(2681, 8, 333, 'Pedicure', 'Pedicure', 400, 90, 1, 0, 0),
(2682, 8, 333, 'divine spa maincure', 'divine spa maincure', 500, 120, 1, 0, 0),
(2683, 8, 333, 'divine spa pedicure', 'divine spa pedicure', 600, 120, 1, 0, 0),
(2684, 8, 333, 'french tips', 'french tips', 200, 45, 1, 0, 0),
(2685, 8, 333, 'nail art', 'nail art', 1000, 120, 1, 0, 0),
(2686, 8, 333, 'cracked heel treatment', 'cracked heel treatment', 1000, 120, 1, 0, 0),
(2687, 8, 333, 'sunil bajaj manicure spa', 'sunil bajaj manicure spa', 900, 90, 1, 0, 0),
(2688, 8, 333, 'sunil bajaj pedicure spa', 'sunil bajaj pedicure spa', 1100, 120, 1, 0, 0),
(2689, 9, 333, 'cleansing', 'cleansing', 250, 45, 1, 0, 0),
(2690, 9, 333, 'de-tan-cleansing', 'de-tan-cleansing', 500, 90, 1, 0, 0),
(2691, 10, 333, 'Normal facial', 'Normal facial', 650, 90, 1, 0, 0),
(2692, 10, 333, 'Cool cucumber', 'Cool cucumber', 800, 120, 1, 0, 0),
(2693, 10, 333, 'Sandalwood', 'Sandalwood', 900, 120, 1, 0, 0),
(2694, 10, 333, 'Peppermint', 'Peppermint', 700, 90, 1, 0, 0),
(2695, 10, 333, 'aloe vera qel', 'aloe vera qel', 1100, 120, 1, 0, 0),
(2696, 9, 333, 'Fresh fruit', 'Fresh fruit', 1200, 120, 1, 0, 0),
(2697, 9, 333, 'Shahnaz normal', 'Shahnaz normal', 1200, 150, 1, 0, 0),
(2698, 9, 333, 'Shahnaz gold', 'Shahnaz gold', 1500, 120, 1, 0, 0),
(2699, 9, 333, 'Diamond', 'Diamond', 2000, 150, 1, 0, 0),
(2700, 9, 333, 'Flower', 'Flower', 1000, 120, 1, 0, 0),
(2701, 10, 333, 'Papaya', 'Papaya', 1000, 90, 1, 0, 0),
(2702, 9, 333, 'aroma', 'aroma', 1100, 90, 1, 0, 0),
(2703, 9, 333, '03 oxy', '03 oxy', 1100, 90, 1, 0, 0),
(2704, 9, 333, 'Silver', 'Silver', 1000, 90, 1, 0, 0),
(2705, 9, 333, 'Depiqmentation', 'Depiqmentation', 1500, 90, 1, 0, 0),
(2706, 9, 333, 'instafair', 'instafair', 1200, 90, 1, 0, 0),
(2707, 9, 333, 'Hydrating', 'Hydrating', 1300, 120, 1, 0, 0),
(2708, 9, 333, 'Gold sheen', 'Gold sheen', 1800, 120, 1, 0, 0),
(2709, 9, 333, '03 whitening', '03 whitening', 1500, 120, 1, 0, 0),
(2710, 9, 333, '03 seaweed', '03 seaweed', 1500, 120, 1, 0, 0),
(2711, 9, 333, 'Pearl facial ', 'Pearl facial ', 2000, 150, 1, 0, 0),
(2712, 10, 333, 'divine spa hot chocolate', 'divine spa hot chocolate', 2500, 180, 1, 0, 0),
(2713, 10, 333, 'divine spa uv rediation free treatment', 'divine spa uv rediation free treatment', 2500, 180, 1, 0, 0),
(2714, 10, 333, 'Wine facial', 'Wine facial', 2500, 120, 1, 0, 0),
(2715, 11, 333, 'Aroma therapy head massage', 'Aroma therapy head massage', 350, 120, 1, 0, 0),
(2716, 11, 333, 'Deep conditioning', 'Deep conditioning', 450, 120, 1, 0, 0),
(2717, 11, 333, 'Hair spa (men)', 'Hair spa (men)', 800, 150, 1, 0, 0),
(2718, 11, 333, 'Hair spa (women)', 'Hair spa (women)', 850, 150, 1, 0, 0),
(2719, 11, 333, 'Candling', 'Candling', 450, 45, 1, 0, 0),
(2720, 11, 333, 'Hair fall treatment', 'Hair fall treatment', 1000, 120, 1, 0, 0),
(2721, 11, 333, 'Dandruff treatment', 'Dandruff treatment', 1000, 150, 1, 0, 0),
(2722, 11, 333, 'ozone treatment', 'ozone treatment', 1000, 180, 1, 0, 0),
(2723, 11, 333, 'Split ends', 'Split ends', 350, 90, 1, 0, 0),
(2724, 11, 333, 'Scientific head massage', 'Scientific head massage', 500, 150, 1, 0, 0),
(2725, 4, 333, 'test service', 'test service', 250, 30, 1, 0, 0),
(2726, 8, 332, 'Dettol Soap', 'Dettol Body Soap', 12, 0, 0, 1, 2000),
(2727, 10, 332, 'Spectecular Iron man Cut with Wolverine Beared', 'Spectecular Irom man', 6000, 30, 1, 0, 0),
(2728, 5, 332, 'shampoo', 'shampoo Pouch', 200, 0, 1, 1, 1980),
(2729, 8, 332, 'Sunsilk Sunscreen Lotion', 'Sunsilk Sunscreen Lotion', 300, 0, 1, 1, 351),
(2730, 5, 332, 'Dove Anti Damage Shampoo', 'Dove Anti Damage Shampoo', 400, 0, 1, 1, 0);

-- --------------------------------------------------------

--
-- Table structure for table `dt_merchant_settings`
--

CREATE TABLE IF NOT EXISTS `dt_merchant_settings` (
  `id` int(255) NOT NULL AUTO_INCREMENT,
  `user_id` int(255) NOT NULL,
  `tax` varchar(255) DEFAULT '0',
  `vat` varchar(255) DEFAULT '0',
  `status` int(2) DEFAULT NULL,
  PRIMARY KEY (`id`)
) ENGINE=InnoDB  DEFAULT CHARSET=latin1 AUTO_INCREMENT=2 ;

--
-- Dumping data for table `dt_merchant_settings`
--

INSERT INTO `dt_merchant_settings` (`id`, `user_id`, `tax`, `vat`, `status`) VALUES
(1, 332, '12.50', '10.40', 1);

-- --------------------------------------------------------

--
-- Table structure for table `dt_merchant_timings`
--

CREATE TABLE IF NOT EXISTS `dt_merchant_timings` (
  `id` int(11) NOT NULL AUTO_INCREMENT,
  `merchant_id` int(11) NOT NULL DEFAULT '0',
  `day` varchar(225) DEFAULT NULL,
  `opening_at` time DEFAULT NULL,
  `closing_at` time DEFAULT NULL,
  `off` tinyint(4) NOT NULL DEFAULT '0',
  `status` tinyint(4) NOT NULL DEFAULT '0',
  PRIMARY KEY (`id`)
) ENGINE=InnoDB  DEFAULT CHARSET=latin1 AUTO_INCREMENT=134 ;

--
-- Dumping data for table `dt_merchant_timings`
--

INSERT INTO `dt_merchant_timings` (`id`, `merchant_id`, `day`, `opening_at`, `closing_at`, `off`, `status`) VALUES
(1, 51, 'mon', '09:00:00', '19:00:00', 0, 1),
(2, 51, 'tue', '09:00:00', '19:00:00', 0, 1),
(3, 51, 'wed', '09:00:00', '19:00:00', 0, 1),
(4, 51, 'thu', '09:00:00', '19:00:00', 0, 1),
(5, 51, 'fri', '09:00:00', '19:00:00', 0, 1),
(6, 51, 'sat', '09:00:00', '19:00:00', 0, 1),
(7, 51, 'sun', '09:00:00', '19:00:00', 0, 1),
(8, 52, 'mon', '09:00:00', '19:00:00', 0, 1),
(9, 52, 'tue', '09:00:00', '19:00:00', 0, 1),
(10, 52, 'wed', '09:00:00', '19:00:00', 0, 1),
(11, 52, 'thu', '09:00:00', '19:00:00', 0, 1),
(12, 52, 'fri', '09:00:00', '19:00:00', 0, 1),
(13, 52, 'sat', '09:00:00', '19:00:00', 0, 1),
(14, 52, 'sun', '09:00:00', '19:00:00', 0, 1),
(15, 53, 'mon', '09:00:00', '19:00:00', 0, 1),
(16, 53, 'tue', '09:00:00', '19:00:00', 0, 1),
(17, 53, 'wed', '09:00:00', '19:00:00', 0, 1),
(18, 53, 'thu', '09:00:00', '19:00:00', 0, 1),
(19, 53, 'fri', '09:00:00', '19:00:00', 0, 1),
(20, 53, 'sat', '09:00:00', '19:00:00', 0, 1),
(21, 53, 'sun', '09:00:00', '19:00:00', 0, 1),
(22, 54, 'mon', '09:00:00', '19:00:00', 0, 1),
(23, 54, 'tue', '09:00:00', '19:00:00', 0, 1),
(24, 54, 'wed', '09:00:00', '19:00:00', 0, 1),
(25, 54, 'thu', '09:00:00', '19:00:00', 0, 1),
(26, 54, 'fri', '09:00:00', '19:00:00', 0, 1),
(27, 54, 'sat', '09:00:00', '19:00:00', 0, 1),
(28, 54, 'sun', '09:00:00', '19:00:00', 0, 1),
(29, 55, 'mon', '09:00:00', '19:00:00', 0, 1),
(30, 55, 'tue', '09:00:00', '19:00:00', 0, 1),
(31, 55, 'wed', '09:00:00', '19:00:00', 0, 1),
(32, 55, 'thu', '09:00:00', '19:00:00', 0, 1),
(33, 55, 'fri', '09:00:00', '19:00:00', 0, 1),
(34, 55, 'sat', '09:00:00', '19:00:00', 0, 1),
(35, 55, 'sun', '09:00:00', '19:00:00', 0, 1),
(36, 56, 'mon', '09:00:00', '19:00:00', 0, 1),
(37, 56, 'tue', '09:00:00', '19:00:00', 0, 1),
(38, 56, 'wed', '09:00:00', '19:00:00', 0, 1),
(39, 56, 'thu', '09:00:00', '19:00:00', 0, 1),
(40, 56, 'fri', '09:00:00', '19:00:00', 0, 1),
(41, 56, 'sat', '09:00:00', '19:00:00', 0, 1),
(42, 56, 'sun', '09:00:00', '19:00:00', 0, 1),
(43, 57, 'mon', '09:00:00', '19:00:00', 0, 1),
(44, 57, 'tue', '09:00:00', '19:00:00', 0, 1),
(45, 57, 'wed', '09:00:00', '19:00:00', 0, 1),
(46, 57, 'thu', '09:00:00', '19:00:00', 0, 1),
(47, 57, 'fri', '09:00:00', '19:00:00', 0, 1),
(48, 57, 'sat', '09:00:00', '19:00:00', 0, 1),
(49, 57, 'sun', '09:00:00', '14:00:00', 0, 1),
(50, 58, 'mon', '09:00:00', '19:00:00', 0, 1),
(51, 58, 'tue', '09:00:00', '19:00:00', 0, 1),
(52, 58, 'wed', '09:00:00', '19:00:00', 0, 1),
(53, 58, 'thu', '09:00:00', '19:00:00', 0, 1),
(54, 58, 'fri', '09:00:00', '19:00:00', 0, 1),
(55, 58, 'sat', '09:00:00', '19:00:00', 0, 1),
(56, 58, 'sun', '09:00:00', '19:00:00', 0, 1),
(57, 59, 'mon', '09:00:00', '19:00:00', 0, 1),
(58, 59, 'tue', '09:00:00', '19:00:00', 0, 1),
(59, 59, 'wed', '09:00:00', '19:00:00', 0, 1),
(60, 59, 'thu', '09:00:00', '19:00:00', 0, 1),
(61, 59, 'fri', '09:00:00', '19:00:00', 0, 1),
(62, 59, 'sat', '09:00:00', '19:00:00', 0, 1),
(63, 59, 'sun', '09:00:00', '19:00:00', 0, 1),
(64, 60, 'mon', '09:00:00', '19:00:00', 0, 1),
(65, 60, 'tue', '09:00:00', '19:00:00', 0, 1),
(66, 60, 'wed', '09:00:00', '19:00:00', 0, 1),
(67, 60, 'thu', '09:00:00', '19:00:00', 0, 1),
(68, 60, 'fri', '09:00:00', '19:00:00', 0, 1),
(69, 60, 'sat', '09:00:00', '19:00:00', 0, 1),
(70, 60, 'sun', '09:00:00', '19:00:00', 0, 1),
(71, 61, 'mon', '09:00:00', '19:00:00', 0, 1),
(72, 61, 'tue', '09:00:00', '19:00:00', 0, 1),
(73, 61, 'wed', '09:00:00', '19:00:00', 0, 1),
(74, 61, 'thu', '09:00:00', '19:00:00', 0, 1),
(75, 61, 'fri', '09:00:00', '19:00:00', 0, 1),
(76, 61, 'sat', '09:00:00', '19:00:00', 0, 1),
(77, 61, 'sun', '09:00:00', '19:00:00', 0, 1),
(78, 62, 'mon', '09:00:00', '19:00:00', 0, 1),
(79, 62, 'tue', '09:00:00', '19:00:00', 0, 1),
(80, 62, 'wed', '09:00:00', '19:00:00', 0, 1),
(81, 62, 'thu', '09:00:00', '19:00:00', 0, 1),
(82, 62, 'fri', '09:00:00', '19:00:00', 0, 1),
(83, 62, 'sat', '09:00:00', '19:00:00', 0, 1),
(84, 62, 'sun', '09:00:00', '19:00:00', 0, 1),
(85, 63, 'mon', '10:00:00', '19:30:00', 0, 1),
(86, 63, 'tue', '10:00:00', '19:30:00', 0, 1),
(87, 63, 'wed', '10:00:00', '19:30:00', 0, 1),
(88, 63, 'thu', '10:00:00', '16:00:00', 0, 1),
(89, 63, 'fri', '10:00:00', '19:30:00', 0, 1),
(90, 63, 'sat', '10:00:00', '19:30:00', 0, 1),
(91, 63, 'sun', '10:00:00', '19:30:00', 0, 1),
(92, 64, 'mon', '09:00:00', '19:00:00', 0, 1),
(93, 64, 'tue', '09:00:00', '19:00:00', 0, 1),
(94, 64, 'wed', '09:00:00', '19:00:00', 0, 1),
(95, 64, 'thu', '09:00:00', '19:00:00', 0, 1),
(96, 64, 'fri', '09:00:00', '19:00:00', 0, 1),
(97, 64, 'sat', '09:00:00', '19:00:00', 0, 1),
(98, 64, 'sun', '09:00:00', '19:00:00', 0, 1),
(99, 329, 'mon', '09:00:00', '19:00:00', 0, 1),
(100, 329, 'tue', '09:00:00', '19:00:00', 0, 1),
(101, 329, 'wed', '09:00:00', '19:00:00', 0, 1),
(102, 329, 'thu', '09:00:00', '19:00:00', 0, 1),
(103, 329, 'fri', '09:00:00', '19:00:00', 0, 1),
(104, 329, 'sat', '09:00:00', '19:00:00', 0, 1),
(105, 329, 'sun', '09:00:00', '19:00:00', 0, 1),
(106, 330, 'mon', '09:00:00', '19:00:00', 0, 1),
(107, 330, 'tue', '09:00:00', '19:00:00', 0, 1),
(108, 330, 'wed', '09:00:00', '19:00:00', 0, 1),
(109, 330, 'thu', '09:00:00', '19:00:00', 0, 1),
(110, 330, 'fri', '09:00:00', '19:00:00', 0, 1),
(111, 330, 'sat', '09:00:00', '19:00:00', 0, 1),
(112, 330, 'sun', '09:00:00', '19:00:00', 0, 1),
(113, 331, 'mon', '09:00:00', '19:00:00', 0, 1),
(114, 331, 'tue', '09:00:00', '19:00:00', 0, 1),
(115, 331, 'wed', '09:00:00', '19:00:00', 0, 1),
(116, 331, 'thu', '09:00:00', '19:00:00', 0, 1),
(117, 331, 'fri', '09:00:00', '19:00:00', 0, 1),
(118, 331, 'sat', '09:00:00', '19:00:00', 0, 1),
(119, 331, 'sun', '09:00:00', '19:00:00', 0, 1),
(120, 332, 'mon', '09:00:00', '19:00:00', 1, 1),
(121, 332, 'tue', '09:00:00', '19:00:00', 1, 1),
(122, 332, 'wed', '09:00:00', '19:00:00', 0, 1),
(123, 332, 'thu', '09:00:00', '19:00:00', 0, 1),
(124, 332, 'fri', '09:00:00', '19:00:00', 0, 1),
(125, 332, 'sat', '09:00:00', '19:00:00', 0, 1),
(126, 332, 'sun', '09:00:00', '19:00:00', 0, 1),
(127, 333, 'mon', '09:00:00', '19:00:00', 0, 1),
(128, 333, 'tue', '09:00:00', '19:00:00', 0, 1),
(129, 333, 'wed', '09:00:00', '19:00:00', 0, 1),
(130, 333, 'thu', '09:00:00', '19:00:00', 0, 1),
(131, 333, 'fri', '09:00:00', '19:00:00', 0, 1),
(132, 333, 'sat', '09:00:00', '19:00:00', 0, 1),
(133, 333, 'sun', '09:00:00', '19:00:00', 0, 1);

-- --------------------------------------------------------

--
-- Table structure for table `dt_pages`
--

CREATE TABLE IF NOT EXISTS `dt_pages` (
  `id` int(11) NOT NULL AUTO_INCREMENT,
  `page_title` varchar(255) NOT NULL,
  `content` text NOT NULL,
  `is_active` enum('0','1') NOT NULL,
  PRIMARY KEY (`id`)
) ENGINE=InnoDB  DEFAULT CHARSET=latin1 AUTO_INCREMENT=4 ;

--
-- Dumping data for table `dt_pages`
--

INSERT INTO `dt_pages` (`id`, `page_title`, `content`, `is_active`) VALUES
(1, 'Terms', '<p>\r\n	Lorem ipsum dolor sit amet, consectetur adipiscing elit. Sed lorem diam, dignissim eget pellentesque sit amet, lobortis id libero. Nunc eleifend erat id purus pellentesque vehicula. Aliquam eget tellus sem, at volutpat odio. Suspendisse hendrerit massa lacinia enim cursus non fringilla tortor faucibus. Integer at nunc at libero sollicitudin elementum vel eu sapien. Nulla lacinia, nisi quis ultrices hendrerit, mi urna accumsan tellus, quis tincidunt ante lacus sit amet justo. Vivamus ultricies purus sit amet risus auctor mollis. Ut at purus at mauris convallis ullamcorper. In urna orci, facilisis eu tempor ac, bibendum id tellus. Quisque dolor diam, semper lacinia pretium eget, rhoncus a tellus. Quisque eget nibh id enim volutpat consequat.</p>\r\n<p>\r\n	Donec porta gravida velit, condimentum pellentesque felis cursus vitae. Fusce commodo metus et neque viverra vitae varius tellus luctus. Proin ligula nibh, luctus non feugiat at, semper ut nisl. Sed dictum faucibus ante, eget luctus ligula vehicula ac. Nulla vel nibh arcu, vehicula interdum tellus. Ut ut dui ut ligula eleifend faucibus. Pellentesque fermentum magna sed diam mattis vulputate. Phasellus at mauris nisl, id facilisis libero. Phasellus laoreet tristique neque quis condimentum. Sed tincidunt tortor varius felis pharetra bibendum.</p>\r\n<p>\r\n	Nam aliquam porttitor magna vel iaculis. Vivamus mauris velit, mollis in aliquam ac, blandit eget lectus. Maecenas nibh leo, scelerisque quis sodales at, auctor vitae nibh. Nunc gravida semper interdum. Mauris eget odio diam, quis tempor nisl. Morbi nunc neque, pharetra id ultrices id, pellentesque pharetra sapien. Sed pharetra, nisi ac volutpat tincidunt, turpis justo vulputate nisi, vitae bibendum dui lectus non nibh. Sed magna elit, placerat quis aliquam facilisis, tempus sit amet arcu. Nullam sed orci sed tellus mattis dignissim nec a urna. Duis sed augue vitae tortor hendrerit sollicitudin. Proin condimentum leo sed ipsum porta ac consequat magna blandit. Ut laoreet gravida nibh vel malesuada. Aenean rhoncus, lectus quis laoreet malesuada, justo libero pellentesque dolor, sit amet viverra ante dolor vitae felis. Nam suscipit rhoncus risus auctor auctor. Cras augue mauris, placerat nec condimentum vel, consequat non nibh.</p>\r\n', '0'),
(2, 'Privacy Policy', '<p>\r\n	Lorem ipsum dolor sit amet, consectetur adipiscing elit. Sed lorem diam, dignissim eget pellentesque sit amet, lobortis id libero. Nunc eleifend erat id purus pellentesque vehicula. Aliquam eget tellus sem, at volutpat odio. Suspendisse hendrerit massa lacinia enim cursus non fringilla tortor faucibus. Integer at nunc at libero sollicitudin elementum vel eu sapien. Nulla lacinia, nisi quis ultrices hendrerit, mi urna accumsan tellus, quis tincidunt ante lacus sit amet justo. Vivamus ultricies purus sit amet risus auctor mollis. Ut at purus at mauris convallis ullamcorper. In urna orci, facilisis eu tempor ac, bibendum id tellus. Quisque dolor diam, semper lacinia pretium eget, rhoncus a tellus. Quisque eget nibh id enim volutpat consequat.</p>\r\n<p>\r\n	Donec porta gravida velit, condimentum pellentesque felis cursus vitae. Fusce commodo metus et neque viverra vitae varius tellus luctus. Proin ligula nibh, luctus non feugiat at, semper ut nisl. Sed dictum faucibus ante, eget luctus ligula vehicula ac. Nulla vel nibh arcu, vehicula interdum tellus. Ut ut dui ut ligula eleifend faucibus. Pellentesque fermentum magna sed diam mattis vulputate. Phasellus at mauris nisl, id facilisis libero. Phasellus laoreet tristique neque quis condimentum. Sed tincidunt tortor varius felis pharetra bibendum.</p>\r\n<p>\r\n	Nam aliquam porttitor magna vel iaculis. Vivamus mauris velit, mollis in aliquam ac, blandit eget lectus. Maecenas nibh leo, scelerisque quis sodales at, auctor vitae nibh. Nunc gravida semper interdum. Mauris eget odio diam, quis tempor nisl. Morbi nunc neque, pharetra id ultrices id, pellentesque pharetra sapien. Sed pharetra, nisi ac volutpat tincidunt, turpis justo vulputate nisi, vitae bibendum dui lectus non nibh. Sed magna elit, placerat quis aliquam facilisis, tempus sit amet arcu. Nullam sed orci sed tellus mattis dignissim nec a urna. Duis sed augue vitae tortor hendrerit sollicitudin. Proin condimentum leo sed ipsum porta ac consequat magna blandit. Ut laoreet gravida nibh vel malesuada. Aenean rhoncus, lectus quis laoreet malesuada, justo libero pellentesque dolor, sit amet viverra ante dolor vitae felis. Nam suscipit rhoncus risus auctor auctor. Cras augue mauris, placerat nec condimentum vel, consequat non nibh.</p>\r\n', '1'),
(3, 'This iss test', 'this is test stupid', '1');

-- --------------------------------------------------------

--
-- Table structure for table `dt_pricing_plans`
--

CREATE TABLE IF NOT EXISTS `dt_pricing_plans` (
  `id` int(11) NOT NULL AUTO_INCREMENT,
  `name` varchar(255) DEFAULT NULL,
  `cost` float(10,2) DEFAULT NULL,
  `validity` int(11) NOT NULL DEFAULT '0',
  `validity_type` enum('day','month','year') NOT NULL DEFAULT 'month',
  `stylists` int(11) NOT NULL DEFAULT '0',
  `status` tinyint(4) NOT NULL DEFAULT '0',
  PRIMARY KEY (`id`)
) ENGINE=InnoDB  DEFAULT CHARSET=latin1 AUTO_INCREMENT=5 ;

--
-- Dumping data for table `dt_pricing_plans`
--

INSERT INTO `dt_pricing_plans` (`id`, `name`, `cost`, `validity`, `validity_type`, `stylists`, `status`) VALUES
(1, 'Small', 500.00, 1, 'month', 5, 1),
(2, 'Medium', 700.00, 1, 'month', 10, 1),
(3, 'Large', 1000.00, 1, 'month', 20, 1),
(4, 'Platinum', 5000.00, 1, 'year', 50, 0);

-- --------------------------------------------------------

--
-- Table structure for table `dt_pricing_plans_users`
--

CREATE TABLE IF NOT EXISTS `dt_pricing_plans_users` (
  `id` int(11) NOT NULL AUTO_INCREMENT,
  `pricing_plan_id` int(11) NOT NULL DEFAULT '0',
  `user_id` int(11) NOT NULL DEFAULT '0',
  `status` tinyint(4) NOT NULL DEFAULT '0',
  PRIMARY KEY (`id`)
) ENGINE=InnoDB  DEFAULT CHARSET=latin1 AUTO_INCREMENT=145 ;

--
-- Dumping data for table `dt_pricing_plans_users`
--

INSERT INTO `dt_pricing_plans_users` (`id`, `pricing_plan_id`, `user_id`, `status`) VALUES
(1, 1, 5, 0),
(2, 1, 14, 1),
(3, 1, 15, 0),
(4, 1, 16, 0),
(5, 1, 17, 1),
(6, 3, 20, 0),
(7, 3, 21, 1),
(8, 3, 22, 1),
(9, 3, 23, 1),
(10, 0, 25, 0),
(11, 0, 77, 1),
(12, 3, 27, 1),
(13, 2, 28, 1),
(14, 1, 29, 0),
(15, 2, 30, 0),
(16, 1, 31, 0),
(17, 1, 32, 0),
(18, 1, 33, 1),
(19, 2, 34, 1),
(20, 3, 35, 0),
(21, 3, 36, 1),
(22, 3, 37, 1),
(23, 3, 38, 1),
(24, 1, 39, 1),
(25, 1, 40, 1),
(26, 1, 41, 1),
(27, 1, 42, 1),
(28, 1, 43, 1),
(29, 1, 44, 1),
(30, 1, 45, 1),
(31, 1, 46, 1),
(32, 1, 48, 0),
(33, 1, 49, 0),
(34, 1, 50, 1),
(35, 1, 51, 1),
(36, 1, 52, 1),
(37, 2, 53, 1),
(38, 1, 54, 1),
(39, 2, 55, 1),
(40, 2, 56, 1),
(41, 1, 57, 1),
(42, 1, 58, 1),
(43, 2, 59, 1),
(44, 3, 60, 1),
(45, 2, 61, 1),
(46, 3, 62, 1),
(47, 1, 63, 1),
(48, 1, 64, 1),
(49, 3, 329, 1),
(50, 3, 330, 1),
(51, 1, 331, 1),
(52, 3, 279, 1),
(114, 3, 332, 1),
(128, 0, 0, 0),
(129, 0, 0, 0),
(132, 0, 73, 1),
(133, 1, 76, 1),
(134, 0, 96, 1),
(135, 0, 106, 1),
(136, 0, 122, 1),
(137, 0, 117, 1),
(138, 0, 142, 1),
(139, 0, 147, 1),
(140, 0, 148, 1),
(141, 0, 164, 1),
(143, 0, 73, 1),
(144, 0, 333, 1);

-- --------------------------------------------------------

--
-- Table structure for table `dt_review`
--

CREATE TABLE IF NOT EXISTS `dt_review` (
  `id` int(255) NOT NULL AUTO_INCREMENT,
  `merchant_id` int(255) NOT NULL,
  `name` varchar(255) NOT NULL,
  `email` varchar(255) NOT NULL,
  `mobile` int(30) DEFAULT NULL,
  `website` varchar(255) DEFAULT NULL,
  `review` varchar(5000) NOT NULL,
  `avtar` varchar(255) DEFAULT NULL,
  `date` varchar(50) DEFAULT NULL,
  `status` int(1) DEFAULT NULL,
  PRIMARY KEY (`id`)
) ENGINE=InnoDB  DEFAULT CHARSET=latin1 AUTO_INCREMENT=63 ;

--
-- Dumping data for table `dt_review`
--

INSERT INTO `dt_review` (`id`, `merchant_id`, `name`, `email`, `mobile`, `website`, `review`, `avtar`, `date`, `status`) VALUES
(40, 332, 'tester', 'test@test.com', NULL, NULL, 'This salon is just do the best service in the industry.Will visit again regularly.', NULL, '1364976574', 2),
(42, 332, 'Wow', 'new@new.com', NULL, NULL, 'Love to join this saloon.Will visit regularly and very cheap prices.', NULL, '1364976574', 2),
(48, 332, 'New Test', 'this@this.com', NULL, NULL, 'Hello, This is test review in this salon chimp.You can test on this by checking on this link.Thankyou!!', NULL, '1364969648', 2),
(49, 332, 'Sudhanshu', 'sudhanshu.saxena@deemtech.com', NULL, NULL, 'This is test review.There is no relevant data with this submitted review, Thankyou.', NULL, '1364972747', 2),
(50, 73, 'Rohit', 'rohit@gmail.com', NULL, NULL, 'this  is test review', NULL, '1364972927', NULL),
(51, 73, 'kluidsfkldsgf', 'hakhs@kjsh.com', NULL, NULL, 'sdlkhvfdsfklsReview', NULL, '1364973023', 1),
(52, 73, 'asdasdasdas', 'adasdad@a.com', NULL, NULL, 'zscsassds', NULL, '1364973991', 1),
(53, 73, 'asdasdasdas', 'adasdad@a.com', NULL, NULL, 'zasdsadasd', NULL, '1364976574', 1),
(54, 73, 'adasd', 'sssssss@aaaaaaa.com', NULL, NULL, 'aaaaaaaaaaaaa', NULL, '1364977054', 1),
(55, 332, 'Tester', 'test@test.com', NULL, NULL, 'Lorem ipsum sit amet.Des auto Le Sistence De unite Ifsum Onrow iopoesyu soiuyn aosiurr paosruzla shfhoiiwma sliw iry os fyoe aosy.', NULL, '1365676591', 2),
(56, 332, 'asdasdasd', 'adsads@dlsgdksgb.com', NULL, NULL, 'adasd', NULL, '1365757513', 2),
(57, 332, 'sudhanshu', 'marjss21@gmail.com', NULL, NULL, 'this Review is written on some thing which is not useful in the concern merchant.It is just for testing purpose.', NULL, '1365764554', 2),
(58, 332, 'tetst', 'test@test.com', NULL, NULL, 'sds;dgbsd', NULL, '1366026585', 2),
(59, 332, 'dsswegf', 'marjss@yahoo.com', NULL, NULL, 'Reviewwe', NULL, '1366970213', 2),
(60, 332, 'sa', 'marjss21@gmail.com', NULL, NULL, 'asd', NULL, '1367218141', 2),
(61, 332, 'Super Man', 'marjss@yahoo.com', NULL, NULL, 'this is test review in the merchant review.', NULL, '1367218206', 2),
(62, 332, 'sasa', 'asa@akjsgfasg.com', NULL, NULL, 'asdsReview', NULL, '1368766634', 1);

-- --------------------------------------------------------

--
-- Table structure for table `dt_services`
--

CREATE TABLE IF NOT EXISTS `dt_services` (
  `id` int(11) NOT NULL AUTO_INCREMENT,
  `cat_id` int(11) NOT NULL,
  `name` varchar(255) DEFAULT NULL,
  `description` text,
  `price` int(11) NOT NULL DEFAULT '0',
  `duration` int(11) DEFAULT '0',
  `isproduct` int(1) DEFAULT '0',
  PRIMARY KEY (`id`)
) ENGINE=InnoDB  DEFAULT CHARSET=latin1 AUTO_INCREMENT=113 ;

--
-- Dumping data for table `dt_services`
--

INSERT INTO `dt_services` (`id`, `cat_id`, `name`, `description`, `price`, `duration`, `isproduct`) VALUES
(1, 1, 'Full legs', 'Full legs', 200, 60, 0),
(2, 1, 'half legs', 'half legs', 150, 45, 0),
(3, 1, 'Full arms', 'Full arms', 150, 45, 0),
(4, 1, 'Half arms', 'Half arms', 100, 30, 0),
(5, 1, 'Under arms', 'Under arms', 100, 30, 0),
(6, 1, 'Under lip/chin', 'Under lip/chin', 50, 15, 0),
(7, 1, 'Stomach / full back', 'Stomach / full back', 300, 90, 0),
(8, 1, 'Bikini', 'Bikini', 800, 240, 0),
(9, 1, 'Full body waxing', 'Full body waxing', 1200, 360, 0),
(10, 2, 'Lipstick', 'Lipstick', 200, 60, 0),
(11, 2, 'Eye', 'Eye', 1000, 180, 0),
(12, 2, 'Party', 'Party', 2100, 360, 0),
(13, 2, 'Enqaqment', 'Enqaqment', 5100, 480, 0),
(14, 2, 'Bridal', 'Bridal', 5100, 480, 0),
(15, 2, 'Reception', 'Reception', 7100, 480, 0),
(16, 2, 'Saree / dress drape', 'Saree / dress drape', 350, 60, 0),
(17, 2, 'concealing + base', 'concealing + base', 1000, 360, 0),
(18, 2, 'blush on', 'blush on', 100, 30, 0),
(19, 3, 'Eye brows', 'Eye brows', 100, 30, 0),
(20, 3, 'upper lips', 'upper lips', 30, 15, 0),
(21, 3, 'chin /forehead', 'chin /forehead', 30, 15, 0),
(22, 3, 'sides', 'sides', 50, 30, 0),
(23, 3, 'full face', 'full face', 100, 60, 0),
(24, 4, 'face (fruit/jolen/oxy/fem)', 'face (fruit/jolen/oxy/fem)', 350, 120, 0),
(25, 4, 'feet hands', 'feet hands', 200, 60, 0),
(26, 4, 'stomach half back', 'stomach half back', 500, 150, 0),
(27, 4, 'full back', 'full back', 400, 150, 0),
(28, 4, 'arms', 'arms', 350, 60, 0),
(29, 4, 'legs', 'legs', 600, 120, 0),
(30, 4, 'de-tan-pack', 'de-tan-pack', 450, 90, 0),
(31, 4, 'full body bleach', 'full body bleach', 2000, 360, 0),
(32, 4, 'full body d tan pack', 'full body d tan pack', 2000, 360, 0),
(33, 5, 'head wash shampoo', 'head wash shampoo', 150, 45, 0),
(34, 5, 'conditioner', 'conditioner', 100, 30, 0),
(35, 5, 'trim', 'trim', 200, 60, 0),
(36, 5, 'cut', 'cut', 350, 60, 0),
(37, 5, 'straight blow dry (with wash)', 'straight blow dry (with wash)', 350, 90, 0),
(38, 5, 'flat iron (based on length)', 'flat iron (based on length)', 300, 90, 0),
(39, 5, 'crimping / roller setting', 'crimping / roller setting', 500, 120, 0),
(40, 5, 'hair do', 'hair do', 700, 120, 0),
(41, 5, 'color touch up', 'color touch up', 700, 90, 0),
(42, 5, 'hair color (based on length)', 'hair color (based on length)', 2000, 180, 0),
(43, 5, 'henna with shampoo', 'henna with shampoo', 300, 45, 0),
(44, 5, 're-bonding (based on length)', 're-bonding (based on length)', 5500, 210, 0),
(45, 5, 'hair cut for men', 'hair cut for men', 200, 60, 0),
(46, 5, 'shave', 'shave', 200, 45, 0),
(47, 5, 'beard trim / style', 'beard trim / style', 100, 30, 0),
(48, 5, 'divine signature cut for men', 'divine signature cut for men', 100, 30, 0),
(49, 5, 'divine signature cut for men', 'divine signature cut for men', 500, 90, 0),
(50, 6, 'Inch loss / weight loss (per sitting)', 'Inch loss / weight loss (per sitting)', 300, 90, 0),
(51, 6, 'Tuck 800 (per sitting)', 'Tuck 800 (per sitting)', 800, 150, 0),
(52, 7, 'Ayurvedic massage', 'Ayurvedic massage', 2000, 360, 0),
(53, 7, 'Aroma therapy massage', 'Aroma therapy massage', 1000, 360, 0),
(54, 7, 'Swedish deep tissue massage', 'Swedish deep tissue massage', 3500, 390, 0),
(55, 7, 'Body polishing (with pack) spa', 'Body polishing (with pack) spa', 3000, 390, 0),
(56, 7, 'Body exfoilation (for brides)', 'Body exfoilation (for brides)', 2500, 300, 0),
(57, 7, 'Arms / back polishing', 'Arms / back polishing', 1500, 180, 0),
(58, 7, 'Foot massage', 'Foot massage', 450, 90, 0),
(59, 7, 'Thai massage', 'Thai massage', 2000, 120, 0),
(60, 7, 'Potli massage', 'Potli massage', 3000, 150, 0),
(61, 7, 'Acupressure massage', 'Acupressure massage', 2500, 180, 0),
(62, 7, 'Head neck shoulder massage', 'Head neck shoulder massage', 2000, 150, 0),
(63, 7, 'Foot reflesedogy', 'Foot reflesedogy', 1500, 120, 0),
(64, 7, 'Any body palish / Body wrap', 'Any body palish / Body wrap', 2500, 180, 0),
(65, 7, 'Any special facial', 'Any special facial', 1500, 150, 0),
(66, 7, 'Any skin type facial', 'Any skin type facial', 2000, 180, 0),
(67, 8, 'Manicure ', 'Manicure ', 300, 60, 0),
(68, 8, 'Pedicure', 'Pedicure', 400, 90, 0),
(69, 8, 'divine spa maincure', 'divine spa maincure', 500, 120, 0),
(70, 8, 'divine spa pedicure', 'divine spa pedicure', 600, 120, 0),
(71, 8, 'french tips', 'french tips', 200, 45, 0),
(72, 8, 'nail art', 'nail art', 1000, 120, 0),
(73, 8, 'cracked heel treatment', 'cracked heel treatment', 1000, 120, 0),
(74, 8, 'sunil bajaj manicure spa', 'sunil bajaj manicure spa', 900, 90, 0),
(75, 8, 'sunil bajaj pedicure spa', 'sunil bajaj pedicure spa', 1100, 120, 0),
(76, 9, 'cleansing', 'cleansing', 250, 45, 0),
(77, 9, 'de-tan-cleansing', 'de-tan-cleansing', 500, 90, 0),
(78, 10, 'Normal facial', 'Normal facial', 650, 90, 0),
(79, 10, 'Cool cucumber', 'Cool cucumber', 800, 120, 0),
(80, 10, 'Sandalwood', 'Sandalwood', 900, 120, 0),
(81, 10, 'Peppermint', 'Peppermint', 700, 90, 0),
(82, 10, 'aloe vera qel', 'aloe vera qel', 1100, 120, 0),
(83, 9, 'Fresh fruit', 'Fresh fruit', 1200, 120, 0),
(84, 9, 'Shahnaz normal', 'Shahnaz normal', 1200, 150, 0),
(85, 9, 'Shahnaz gold', 'Shahnaz gold', 1500, 120, 0),
(86, 9, 'Diamond', 'Diamond', 2000, 150, 0),
(87, 9, 'Flower', 'Flower', 1000, 120, 0),
(88, 10, 'Papaya', 'Papaya', 1000, 90, 0),
(89, 9, 'aroma', 'aroma', 1100, 90, 0),
(90, 9, '03 oxy', '03 oxy', 1100, 90, 0),
(91, 9, 'Silver', 'Silver', 1000, 90, 0),
(92, 9, 'Depiqmentation', 'Depiqmentation', 1500, 90, 0),
(93, 9, 'instafair', 'instafair', 1200, 90, 0),
(94, 9, 'Hydrating', 'Hydrating', 1300, 120, 0),
(95, 9, 'Gold sheen', 'Gold sheen', 1800, 120, 0),
(96, 9, '03 whitening', '03 whitening', 1500, 120, 0),
(97, 9, '03 seaweed', '03 seaweed', 1500, 120, 0),
(98, 9, 'Pearl facial ', 'Pearl facial ', 2000, 150, 0),
(99, 10, 'divine spa hot chocolate', 'divine spa hot chocolate', 2500, 180, 0),
(100, 10, 'divine spa uv rediation free treatment', 'divine spa uv rediation free treatment', 2500, 180, 0),
(101, 10, 'Wine facial', 'Wine facial', 2500, 120, 0),
(102, 11, 'Aroma therapy head massage', 'Aroma therapy head massage', 350, 120, 0),
(103, 11, 'Deep conditioning', 'Deep conditioning', 450, 120, 0),
(104, 11, 'Hair spa (men)', 'Hair spa (men)', 800, 150, 0),
(105, 11, 'Hair spa (women)', 'Hair spa (women)', 850, 150, 0),
(106, 11, 'Candling', 'Candling', 450, 45, 0),
(107, 11, 'Hair fall treatment', 'Hair fall treatment', 1000, 120, 0),
(108, 11, 'Dandruff treatment', 'Dandruff treatment', 1000, 150, 0),
(109, 11, 'ozone treatment', 'ozone treatment', 1000, 180, 0),
(110, 11, 'Split ends', 'Split ends', 350, 90, 0),
(111, 11, 'Scientific head massage', 'Scientific head massage', 500, 150, 0),
(112, 4, 'test service', 'test service', 250, 30, 0);

-- --------------------------------------------------------

--
-- Table structure for table `dt_settings`
--

CREATE TABLE IF NOT EXISTS `dt_settings` (
  `id` int(11) NOT NULL AUTO_INCREMENT,
  `name` varchar(225) DEFAULT NULL,
  `value` varchar(225) DEFAULT NULL,
  `attribute` varchar(225) DEFAULT NULL,
  `status` tinyint(4) NOT NULL DEFAULT '1',
  PRIMARY KEY (`id`)
) ENGINE=InnoDB  DEFAULT CHARSET=latin1 AUTO_INCREMENT=2 ;

--
-- Dumping data for table `dt_settings`
--

INSERT INTO `dt_settings` (`id`, `name`, `value`, `attribute`, `status`) VALUES
(1, 'Admin Email', 'care@salonchimp.com', 'admin_email', 1);

-- --------------------------------------------------------

--
-- Table structure for table `dt_users`
--

CREATE TABLE IF NOT EXISTS `dt_users` (
  `id` int(11) NOT NULL AUTO_INCREMENT,
  `mas_role_id` int(11) NOT NULL DEFAULT '0',
  `merchant_id` int(11) NOT NULL DEFAULT '0',
  `featured` tinyint(4) NOT NULL,
  `onlinebooking` tinyint(4) NOT NULL,
  `username` varchar(255) DEFAULT NULL,
  `email` varchar(255) DEFAULT NULL,
  `password` varchar(255) DEFAULT NULL,
  `activation_key` varchar(255) DEFAULT NULL,
  `status` tinyint(4) NOT NULL DEFAULT '0',
  `log` varchar(255) DEFAULT '0',
  PRIMARY KEY (`id`)
) ENGINE=InnoDB  DEFAULT CHARSET=latin1 AUTO_INCREMENT=334 ;

--
-- Dumping data for table `dt_users`
--

INSERT INTO `dt_users` (`id`, `mas_role_id`, `merchant_id`, `featured`, `onlinebooking`, `username`, `email`, `password`, `activation_key`, `status`, `log`) VALUES
(1, 1, 0, 0, 0, 'admin', 'admin@admin.com', '8cde274af96be0f3e345961209e11279', '0', 1, '0'),
(51, 2, 0, 0, 0, 'shiv', 'shiv.pareek@deemtech.com', 'e10adc3949ba59abbe56e057f20f883e', '0', 1, '0'),
(61, 2, 0, 1, 1, 'diviner', 'divine_beauty_spa@hotmail.com', '67d46ec7d84ba284982e634970c5b7df', '0', 1, '0'),
(63, 2, 0, 0, 0, 'manojdaaas', 'manojdas2008@yahoo.co.in', '8494aa6edcb2327422eb344d96b9e2f0', '0', 1, '0'),
(64, 2, 0, 0, 0, 'shades1', 'shadesjaipur@gmail.com', 'e0c3dfabf53f4b34bf1b7cd44d6a498d', '0', 1, '0'),
(73, 2, 0, 1, 0, '0141-4112278', '0141-4112278@saloonchimp.comasd', '12345678', NULL, 1, '0'),
(75, 2, 0, 0, 0, '0141-2359604', '0141-2359604@saloonchimp.com', '12345678', NULL, 1, '0'),
(76, 2, 0, 1, 0, '9828391448', '9828391448@saloonchimp.com', '12345678', NULL, 1, '0'),
(77, 2, 0, 0, 0, '0141-4018970aaaaaaaaaaaaaaaaaaa', '0141-4018970@saloonchimp.comaaaaaaaaaaaa', '12345678', NULL, 1, '0'),
(78, 2, 0, 0, 0, '0141-4018970', '0141-4018970@saloonchimp.com', '12345678', NULL, 1, '0'),
(79, 2, 0, 0, 0, '0141-4020960', '0141-4020960@saloonchimp.com', '12345678', NULL, 1, '0'),
(80, 2, 0, 0, 0, '9928570287', '9928570287@saloonchimp.com', '12345678', NULL, 1, '0'),
(81, 2, 0, 0, 0, '9982939982', '9982939982@saloonchimp.com', '12345678', NULL, 1, '0'),
(82, 2, 0, 0, 0, '0141-6508399', '0141-6508399@saloonchimp.com', '12345678', NULL, 1, '0'),
(83, 2, 0, 0, 0, '0141-2290223', '0141-2290223@saloonchimp.com', '12345678', NULL, 1, '0'),
(84, 2, 0, 0, 0, '0141-4011408', '0141-4011408@saloonchimp.com', '12345678', NULL, 1, '0'),
(85, 2, 0, 0, 0, '0141-5117071', '0141-5117071@saloonchimp.com', '12345678', NULL, 1, '0'),
(86, 2, 0, 0, 0, '0141-2236531', '0141-2236531@saloonchimp.com', '12345678', NULL, 1, '0'),
(87, 2, 0, 0, 0, '-9166113896', '-9166113896@saloonchimp.com', '12345678', NULL, 1, '0'),
(88, 2, 0, 0, 0, '9782091550', '9782091550@saloonchimp.com', '12345678', NULL, 1, '0'),
(89, 2, 0, 0, 0, '7737892968', '7737892968@saloonchimp.com', '12345678', NULL, 1, '0'),
(90, 2, 0, 0, 0, '9269901152', '9269901152@saloonchimp.com', '12345678', NULL, 1, '0'),
(91, 2, 0, 0, 0, '0141-2224419', '0141-2224419@saloonchimp.com', '12345678', NULL, 1, '0'),
(92, 2, 0, 0, 0, '7742510077', '7742510077@saloonchimp.com', '12345678', NULL, 1, '0'),
(93, 2, 0, 0, 0, '0141-2358769', '0141-2358769@saloonchimp.com', '12345678', NULL, 1, '0'),
(94, 2, 0, 0, 0, '9602290585', '9602290585@saloonchimp.com', '12345678', NULL, 1, '0'),
(95, 2, 0, 0, 0, '0141-2373969', '0141-2373969@saloonchimp.com', '12345678', NULL, 1, '0'),
(96, 2, 0, 1, 0, '0141-3297778', '0141-3297778@saloonchimp.com', '12345678', NULL, 1, '0'),
(97, 2, 0, 0, 0, '0141-5117111', '0141-5117111@saloonchimp.com', '12345678', NULL, 1, '0'),
(98, 2, 0, 0, 0, '9314507316', '9314507316@saloonchimp.com', '12345678', NULL, 1, '0'),
(99, 2, 0, 0, 0, '0141-2702897', '0141-2702897@saloonchimp.com', '12345678', NULL, 1, '0'),
(100, 2, 0, 0, 0, '9785872068', '9785872068@saloonchimp.com', '12345678', NULL, 1, '0'),
(101, 2, 0, 0, 0, '9928085566', '9928085566@saloonchimp.com', '12345678', NULL, 1, '0'),
(102, 2, 0, 0, 0, '0141-3199444', '0141-3199444@saloonchimp.com', '12345678', NULL, 1, '0'),
(103, 2, 0, 0, 0, '0141-5112710', '0141-5112710@saloonchimp.com', '12345678', NULL, 1, '0'),
(104, 2, 0, 0, 0, '0141-6506499', '0141-6506499@saloonchimp.com', '12345678', NULL, 1, '0'),
(105, 2, 0, 0, 0, '0141-2720979', '0141-2720979@saloonchimp.com', '12345678', NULL, 1, '0'),
(106, 2, 0, 1, 0, '0141-3935468', '0141-3935468@saloonchimp.com', '12345678', NULL, 1, '0'),
(107, 2, 0, 0, 0, '0141-2357134', '0141-2357134@saloonchimp.com', '12345678', NULL, 1, '0'),
(108, 2, 0, 0, 0, '9799260533', '9799260533@saloonchimp.com', '12345678', NULL, 1, '0'),
(109, 2, 0, 0, 0, '0141-2388783', '0141-2388783@saloonchimp.com', '12345678', NULL, 1, '0'),
(110, 2, 0, 0, 0, '0141-4053725', '0141-4053725@saloonchimp.com', '12345678', NULL, 1, '0'),
(111, 2, 0, 0, 0, '9928835521', '9928835521@saloonchimp.com', '12345678', NULL, 1, '0'),
(112, 2, 0, 0, 0, '9928937201', '9928937201@saloonchimp.com', '12345678', NULL, 1, '0'),
(113, 2, 0, 0, 0, '9829470402', '9829470402@saloonchimp.com', '12345678', NULL, 1, '0'),
(114, 2, 0, 0, 0, '0141-2352336', '0141-2352336@saloonchimp.com', '12345678', NULL, 1, '0'),
(115, 2, 0, 0, 0, '9928634331', '9928634331@saloonchimp.com', '12345678', NULL, 1, '0'),
(116, 2, 0, 0, 0, '9352394945', '9352394945@saloonchimp.com', '12345678', NULL, 1, '0'),
(117, 2, 0, 1, 0, '9928141975', '9928141975@saloonchimp.com', '12345678', NULL, 1, '0'),
(118, 2, 0, 0, 0, '9530267818', '9530267818@saloonchimp.com', '12345678', NULL, 1, '0'),
(119, 2, 0, 0, 0, '9784471883', '9784471883@saloonchimp.com', '12345678', NULL, 1, '0'),
(120, 2, 0, 0, 0, '7742343434', '7742343434@saloonchimp.com', '12345678', NULL, 1, '0'),
(121, 2, 0, 0, 0, '0141-2211919', '0141-2211919@saloonchimp.com', '12345678', NULL, 1, '0'),
(122, 2, 0, 1, 0, '0141-5121624', '0141-5121624@saloonchimp.com', '12345678', NULL, 1, '0'),
(123, 2, 0, 0, 0, '0141-2297828', '0141-2297828@saloonchimp.com', '12345678', NULL, 1, '0'),
(124, 2, 0, 0, 0, '9983072228', '9983072228@saloonchimp.com', '12345678', NULL, 1, '0'),
(125, 2, 0, 0, 0, '0141-2318884', '0141-2318884@saloonchimp.com', '12345678', NULL, 1, '0'),
(126, 2, 0, 0, 0, '9929559284', '9929559284@saloonchimp.com', '12345678', NULL, 1, '0'),
(127, 2, 0, 0, 0, '9351559310', '9351559310@saloonchimp.com', '12345678', NULL, 1, '0'),
(128, 2, 0, 0, 0, '9799136312', '9799136312@saloonchimp.com', '12345678', NULL, 1, '0'),
(129, 2, 0, 0, 0, '9829032295', '9829032295@saloonchimp.com', '12345678', NULL, 1, '0'),
(130, 2, 0, 0, 0, '9950669031', '9950669031@saloonchimp.com', '12345678', NULL, 1, '0'),
(131, 2, 0, 0, 0, '9887237302', '9887237302@saloonchimp.com', '12345678', NULL, 1, '0'),
(132, 2, 0, 0, 0, '9799884727', '9799884727@saloonchimp.com', '12345678', NULL, 1, '0'),
(133, 2, 0, 0, 0, '8233137584', '8233137584@saloonchimp.com', '12345678', NULL, 1, '0'),
(134, 2, 0, 0, 0, '8058921663', '8058921663@saloonchimp.com', '12345678', NULL, 1, '0'),
(135, 2, 0, 0, 0, '8058511042', '8058511042@saloonchimp.com', '12345678', NULL, 1, '0'),
(136, 2, 0, 0, 0, '7737278869', '7737278869@saloonchimp.com', '12345678', NULL, 1, '0'),
(137, 2, 0, 0, 0, '9314382738', '9314382738@saloonchimp.com', '12345678', NULL, 1, '0'),
(138, 2, 0, 0, 0, '9660759824', '9660759824@saloonchimp.com', '12345678', NULL, 1, '0'),
(139, 2, 0, 0, 0, '9887904365', '9887904365@saloonchimp.com', '12345678', NULL, 1, '0'),
(140, 2, 0, 0, 0, '8233522145', '8233522145@saloonchimp.com', '12345678', NULL, 1, '0'),
(141, 2, 0, 0, 0, '9829369250', '9829369250@saloonchimp.com', '12345678', NULL, 1, '0'),
(142, 2, 0, 1, 0, '9680832022', '9680832022@saloonchimp.com', '12345678', NULL, 1, '0'),
(143, 2, 0, 0, 0, '8058391834', '8058391834@saloonchimp.com', '12345678', NULL, 1, '0'),
(144, 2, 0, 0, 0, '8432477269', '8432477269@saloonchimp.com', '12345678', NULL, 1, '0'),
(145, 2, 0, 0, 0, '9799683807', '9799683807@saloonchimp.com', '12345678', NULL, 1, '0'),
(146, 2, 0, 0, 0, '7742649562', '7742649562@saloonchimp.com', '12345678', NULL, 1, '0'),
(147, 2, 0, 1, 0, '9799085044', '9799085044@saloonchimp.com', '12345678', NULL, 1, '0'),
(148, 2, 0, 1, 0, '9414922055', '9414922055@saloonchimp.com', '12345678', NULL, 1, '0'),
(149, 2, 0, 0, 0, '9785332099', '9785332099@saloonchimp.com', '12345678', NULL, 1, '0'),
(150, 2, 0, 0, 0, '9636375552', '9636375552@saloonchimp.com', '12345678', NULL, 1, '0'),
(151, 2, 0, 0, 0, '7877912739', '7877912739@saloonchimp.com', '12345678', NULL, 1, '0'),
(152, 2, 0, 0, 0, '9785503415', '9785503415@saloonchimp.com', '12345678', NULL, 1, '0'),
(153, 2, 0, 0, 0, '9252124240', '9252124240@saloonchimp.com', '12345678', NULL, 1, '0'),
(154, 2, 0, 0, 0, '0141-2640352', '0141-2640352@saloonchimp.com', '12345678', NULL, 1, '0'),
(155, 2, 0, 0, 0, '9828122562', '9828122562@saloonchimp.com', '12345678', NULL, 1, '0'),
(156, 2, 0, 0, 0, '9828250092', '9828250092@saloonchimp.com', '12345678', NULL, 1, '0'),
(157, 2, 0, 0, 0, '9950336052', '9950336052@saloonchimp.com', '12345678', NULL, 1, '0'),
(158, 2, 0, 0, 0, '9509614834', '9509614834@saloonchimp.com', '12345678', NULL, 1, '0'),
(159, 2, 0, 0, 0, '9214555730', '9214555730@saloonchimp.com', '12345678', NULL, 1, '0'),
(160, 2, 0, 0, 0, '9887523301', '9887523301@saloonchimp.com', '12345678', NULL, 1, '0'),
(161, 2, 0, 0, 0, '9784046338', '9784046338@saloonchimp.com', '12345678', NULL, 1, '0'),
(162, 2, 0, 0, 0, '9887871041', '9887871041@saloonchimp.com', '12345678', NULL, 1, '0'),
(163, 2, 0, 0, 0, '9636074739', '9636074739@saloonchimp.com', '12345678', NULL, 1, '0'),
(164, 2, 0, 1, 0, '9829116744', '9829116744@saloonchimp.com', '12345678', NULL, 1, '0'),
(165, 2, 0, 0, 0, '9829354915', '9829354915@saloonchimp.com', '12345678', NULL, 1, '0'),
(166, 2, 0, 0, 0, '9784730914', '9784730914@saloonchimp.com', '12345678', NULL, 1, '0'),
(167, 2, 0, 0, 0, '9460573958', '9460573958@saloonchimp.com', '12345678', NULL, 1, '0'),
(168, 2, 0, 0, 0, '0141-6533224', '0141-6533224@saloonchimp.com', '12345678', NULL, 1, '0'),
(169, 2, 0, 0, 0, '9166900219', '9166900219@saloonchimp.com', '12345678', NULL, 1, '0'),
(170, 2, 0, 0, 0, '0141-6576750', '0141-6576750@saloonchimp.com', '12345678', NULL, 1, '0'),
(171, 2, 0, 0, 0, '8094737470', '8094737470@saloonchimp.com', '12345678', NULL, 1, '0'),
(172, 2, 0, 0, 0, '9799322262', '9799322262@saloonchimp.com', '12345678', NULL, 1, '0'),
(173, 2, 0, 0, 0, '9950152540', '9950152540@saloonchimp.com', '12345678', NULL, 1, '0'),
(174, 2, 0, 0, 0, '9829093128', '9829093128@saloonchimp.com', '12345678', NULL, 1, '0'),
(175, 2, 0, 0, 0, '7742566007', '7742566007@saloonchimp.com', '12345678', NULL, 1, '0'),
(176, 2, 0, 0, 0, '9983824008', '9983824008@saloonchimp.com', '12345678', NULL, 1, '0'),
(177, 2, 0, 0, 0, '9660258928', '9660258928@saloonchimp.com', '12345678', NULL, 1, '0'),
(178, 2, 0, 0, 0, '9602570314', '9602570314@saloonchimp.com', '12345678', NULL, 1, '0'),
(179, 2, 0, 0, 0, '9928163407', '9928163407@saloonchimp.com', '12345678', NULL, 1, '0'),
(180, 2, 0, 0, 0, '7742829585', '7742829585@saloonchimp.com', '12345678', NULL, 1, '0'),
(181, 2, 0, 0, 0, '9610170706', '9610170706@saloonchimp.com', '12345678', NULL, 1, '0'),
(182, 2, 0, 0, 0, '8769458041', '8769458041@saloonchimp.com', '12345678', NULL, 1, '0'),
(183, 2, 0, 0, 0, '9784588208', '9784588208@saloonchimp.com', '12345678', NULL, 1, '0'),
(184, 2, 0, 0, 0, '9887468340', '9887468340@saloonchimp.com', '12345678', NULL, 1, '0'),
(185, 2, 0, 0, 0, '9636764340', '9636764340@saloonchimp.com', '12345678', NULL, 1, '0'),
(186, 2, 0, 0, 0, '9887998180', '9887998180@saloonchimp.com', '12345678', NULL, 1, '0'),
(187, 2, 0, 0, 0, '8290903813', '8290903813@saloonchimp.com', '12345678', NULL, 1, '0'),
(188, 2, 0, 0, 0, '9784798024', '9784798024@saloonchimp.com', '12345678', NULL, 1, '0'),
(189, 2, 0, 0, 0, '9799474208', '9799474208@saloonchimp.com', '12345678', NULL, 1, '0'),
(190, 2, 0, 0, 0, '0141-2750191', '0141-2750191@saloonchimp.com', '12345678', NULL, 1, '0'),
(191, 2, 0, 0, 0, '9856987456', '9856987456@saloonchimp.com', '12345678', NULL, 1, '0'),
(192, 2, 0, 0, 0, '7568484895', '7568484895@saloonchimp.com', '12345678', NULL, 1, '0'),
(193, 2, 0, 0, 0, '9314449114', '9314449114@saloonchimp.com', '12345678', NULL, 1, '0'),
(194, 2, 0, 0, 0, '9001440037', '9001440037@saloonchimp.com', '12345678', NULL, 1, '0'),
(195, 2, 0, 0, 0, '9785098956', '9785098956@saloonchimp.com', '12345678', NULL, 1, '0'),
(196, 2, 0, 0, 0, '9351973888', '9351973888@saloonchimp.com', '12345678', NULL, 1, '0'),
(197, 2, 0, 0, 0, '9460692145', '9460692145@saloonchimp.com', '12345678', NULL, 1, '0'),
(198, 2, 0, 0, 0, '8003845307', '8003845307@saloonchimp.com', '12345678', NULL, 1, '0'),
(199, 2, 0, 0, 0, '9680074568', '9680074568@saloonchimp.com', '12345678', NULL, 1, '0'),
(200, 2, 0, 0, 0, '9950977797', '9950977797@saloonchimp.com', '12345678', NULL, 1, '0'),
(201, 2, 0, 0, 0, '9001314565', '9001314565@saloonchimp.com', '12345678', NULL, 1, '0'),
(202, 2, 0, 0, 0, '8058023136', '8058023136@saloonchimp.com', '12345678', NULL, 1, '0'),
(203, 2, 0, 0, 0, '9602042119', '9602042119@saloonchimp.com', '12345678', NULL, 1, '0'),
(204, 2, 0, 0, 0, '9929183750', '9929183750@saloonchimp.com', '12345678', NULL, 1, '0'),
(205, 2, 0, 0, 0, '9950031516', '9950031516@saloonchimp.com', '12345678', NULL, 1, '0'),
(206, 2, 0, 0, 0, '7737018117', '7737018117@saloonchimp.com', '12345678', NULL, 1, '0'),
(207, 2, 0, 0, 0, '9460147663', '9460147663@saloonchimp.com', '12345678', NULL, 1, '0'),
(208, 2, 0, 0, 0, '9314053373', '9314053373@saloonchimp.com', '12345678', NULL, 1, '0'),
(209, 2, 0, 0, 0, '0141-3220213', '0141-3220213@saloonchimp.com', '12345678', NULL, 1, '0'),
(210, 2, 0, 0, 0, '9414209096', '9414209096@saloonchimp.com', '12345678', NULL, 1, '0'),
(211, 2, 0, 0, 0, '9829160861', '9829160861@saloonchimp.com', '12345678', NULL, 1, '0'),
(212, 2, 0, 0, 0, '9928119684', '9928119684@saloonchimp.com', '12345678', NULL, 1, '0'),
(213, 2, 0, 0, 0, '9001888037', '9001888037@saloonchimp.com', '12345678', NULL, 1, '0'),
(214, 2, 0, 0, 0, '9468847799', '9468847799@saloonchimp.com', '12345678', NULL, 1, '0'),
(215, 2, 0, 0, 0, '9928352112', '9928352112@saloonchimp.com', '12345678', NULL, 1, '0'),
(216, 2, 0, 0, 0, '9928100541', '9928100541@saloonchimp.com', '12345678', NULL, 1, '0'),
(217, 2, 0, 0, 0, '8952976048', '8952976048@saloonchimp.com', '12345678', NULL, 1, '0'),
(218, 2, 0, 0, 0, '9352337780', '9352337780@saloonchimp.com', '12345678', NULL, 1, '0'),
(219, 2, 0, 0, 0, '9887301778', '9887301778@saloonchimp.com', '12345678', NULL, 1, '0'),
(220, 2, 0, 0, 0, '9928134057', '9928134057@saloonchimp.com', '12345678', NULL, 1, '0'),
(221, 2, 0, 0, 0, '9887682982', '9887682982@saloonchimp.com', '12345678', NULL, 1, '0'),
(222, 2, 0, 0, 0, '9785738429', '9785738429@saloonchimp.com', '12345678', NULL, 1, '0'),
(223, 2, 0, 0, 0, '9314184092', '9314184092@saloonchimp.com', '12345678', NULL, 1, '0'),
(224, 2, 0, 0, 0, '9351239651', '9351239651@saloonchimp.com', '12345678', NULL, 1, '0'),
(225, 2, 0, 0, 0, '9929600436', '9929600436@saloonchimp.com', '12345678', NULL, 1, '0'),
(226, 2, 0, 0, 0, '9660259389', '9660259389@saloonchimp.com', '12345678', NULL, 1, '0'),
(227, 2, 0, 0, 0, '9799283481', '9799283481@saloonchimp.com', '12345678', NULL, 1, '0'),
(228, 2, 0, 0, 0, '9950817580', '9950817580@saloonchimp.com', '12345678', NULL, 1, '0'),
(229, 2, 0, 0, 0, '9571739572', '9571739572@saloonchimp.com', '12345678', NULL, 1, '0'),
(230, 2, 0, 0, 0, '8696411850', '8696411850@saloonchimp.com', '12345678', NULL, 1, '0'),
(231, 2, 0, 0, 0, '8107714642', '8107714642@saloonchimp.com', '12345678', NULL, 1, '0'),
(232, 2, 0, 0, 0, '9680897523', '9680897523@saloonchimp.com', '12345678', NULL, 1, '0'),
(233, 2, 0, 0, 0, '9829743662', '9829743662@saloonchimp.com', '12345678', NULL, 1, '0'),
(234, 2, 0, 0, 0, '9680754248', '9680754248@saloonchimp.com', '12345678', NULL, 1, '0'),
(235, 2, 0, 0, 0, '9982151969', '9982151969@saloonchimp.com', '12345678', NULL, 1, '0'),
(236, 2, 0, 0, 0, '9694196037', '9694196037@saloonchimp.com', '12345678', NULL, 1, '0'),
(237, 2, 0, 0, 0, '9784379281', '9784379281@saloonchimp.com', '12345678', NULL, 1, '0'),
(238, 2, 0, 0, 0, '9529250235', '9529250235@saloonchimp.com', '12345678', NULL, 1, '0'),
(239, 2, 0, 0, 0, '9785559937', '9785559937@saloonchimp.com', '12345678', NULL, 1, '0'),
(240, 2, 0, 0, 0, '9928041504', '9928041504@saloonchimp.com', '12345678', NULL, 1, '0'),
(241, 2, 0, 0, 0, '7891003363', '7891003363@saloonchimp.com', '12345678', NULL, 1, '0'),
(242, 2, 0, 0, 0, '9782203010', '9782203010@saloonchimp.com', '12345678', NULL, 1, '0'),
(243, 2, 0, 0, 0, '9602584803', '9602584803@saloonchimp.com', '12345678', NULL, 1, '0'),
(244, 2, 0, 0, 0, '9875118899', '9875118899@saloonchimp.com', '12345678', NULL, 1, '0'),
(245, 2, 0, 0, 0, '9983741873', '9983741873@saloonchimp.com', '12345678', NULL, 1, '0'),
(246, 2, 0, 0, 0, '9785452751', '9785452751@saloonchimp.com', '12345678', NULL, 1, '0'),
(247, 2, 0, 0, 0, '9782728868', '9782728868@saloonchimp.com', '12345678', NULL, 1, '0'),
(248, 2, 0, 0, 0, '0141-3118682', '0141-3118682@saloonchimp.com', '12345678', NULL, 1, '0'),
(249, 2, 0, 0, 0, '9929594686', '9929594686@saloonchimp.com', '12345678', NULL, 1, '0'),
(250, 2, 0, 0, 0, '0141-2291416', '0141-2291416@saloonchimp.com', '12345678', NULL, 1, '0'),
(251, 2, 0, 0, 0, '9610743100', '9610743100@saloonchimp.com', '12345678', NULL, 1, '0'),
(252, 2, 0, 0, 0, '8058497140', '8058497140@saloonchimp.com', '12345678', NULL, 1, '0'),
(253, 2, 0, 0, 0, '9680168418', '9680168418@saloonchimp.com', '12345678', NULL, 1, '0'),
(254, 2, 0, 0, 0, '9314849894', '9314849894@saloonchimp.com', '12345678', NULL, 1, '0'),
(255, 2, 0, 0, 0, '9929526642', '9929526642@saloonchimp.com', '12345678', NULL, 1, '0'),
(256, 2, 0, 0, 0, '9983969020', '9983969020@saloonchimp.com', '12345678', NULL, 1, '0'),
(257, 2, 0, 0, 0, '9829535527', '9829535527@saloonchimp.com', '12345678', NULL, 1, '0'),
(258, 2, 0, 0, 0, '9252272129', '9252272129@saloonchimp.com', '12345678', NULL, 1, '0'),
(259, 2, 0, 0, 0, '9784767539', '9784767539@saloonchimp.com', '12345678', NULL, 1, '0'),
(260, 2, 0, 0, 0, '8742066272', '8742066272@saloonchimp.com', '12345678', NULL, 1, '0'),
(261, 2, 0, 0, 0, '8003748755', '8003748755@saloonchimp.com', '12345678', NULL, 1, '0'),
(262, 2, 0, 0, 0, '9887076757', '9887076757@saloonchimp.com', '12345678', NULL, 1, '0'),
(263, 2, 0, 0, 0, '9929260164', '9929260164@saloonchimp.com', '12345678', NULL, 1, '0'),
(264, 2, 0, 0, 0, '9351706369', '9351706369@saloonchimp.com', '12345678', NULL, 1, '0'),
(265, 2, 0, 0, 0, '9660844463', '9660844463@saloonchimp.com', '12345678', NULL, 1, '0'),
(266, 2, 0, 0, 0, '9829518225', '9829518225@saloonchimp.com', '12345678', NULL, 1, '0'),
(267, 2, 0, 0, 0, '8955923644', '8955923644@saloonchimp.com', '12345678', NULL, 1, '0'),
(268, 2, 0, 0, 0, '9829437114', '9829437114@saloonchimp.com', '12345678', NULL, 1, '0'),
(269, 2, 0, 0, 0, '9462231973', '9462231973@saloonchimp.com', '12345678', NULL, 1, '0'),
(270, 2, 0, 0, 0, '9929611451', '9929611451@saloonchimp.com', '12345678', NULL, 1, '0'),
(271, 2, 0, 0, 0, '8003247850', '8003247850@saloonchimp.com', '12345678', NULL, 1, '0'),
(272, 2, 0, 0, 0, '9983255530', '9983255530@saloonchimp.com', '12345678', NULL, 1, '0'),
(273, 2, 0, 0, 0, '9351213107', '9351213107@saloonchimp.com', '12345678', NULL, 1, '0'),
(274, 2, 0, 0, 0, '9352163353', '9352163353@saloonchimp.com', '12345678', NULL, 1, '0'),
(275, 2, 0, 0, 0, '9928651774', '9928651774@saloonchimp.com', '12345678', NULL, 1, '0'),
(276, 2, 0, 0, 0, '9887414105', '9887414105@saloonchimp.com', '12345678', NULL, 1, '0'),
(277, 2, 0, 0, 0, '9351175434', '9351175434@saloonchimp.com', '12345678', NULL, 1, '0'),
(278, 2, 0, 0, 0, '9772616908', '9772616908@saloonchimp.com', '12345678', NULL, 1, '0'),
(279, 2, 0, 0, 0, '9887722646', '9887722646@saloonchimp.com', '12345678', NULL, 1, '0'),
(280, 2, 0, 0, 0, '8890371582', '8890371582@saloonchimp.com', '12345678', NULL, 1, '0'),
(281, 2, 0, 0, 0, '9269873258', '9269873258@saloonchimp.com', '12345678', NULL, 1, '0'),
(282, 2, 0, 0, 0, '9680999314', '9680999314@saloonchimp.com', '12345678', NULL, 1, '0'),
(283, 2, 0, 0, 0, '8133105313', '8133105313@saloonchimp.com', '12345678', NULL, 1, '0'),
(284, 2, 0, 0, 0, '9314616990', '9314616990@saloonchimp.com', '12345678', NULL, 1, '0'),
(285, 2, 0, 0, 0, '9694580826', '9694580826@saloonchimp.com', '12345678', NULL, 1, '0'),
(286, 2, 0, 0, 0, '9414359501', '9414359501@saloonchimp.com', '12345678', NULL, 1, '0'),
(287, 2, 0, 0, 0, '9214964652', '9214964652@saloonchimp.com', '12345678', NULL, 1, '0'),
(288, 2, 0, 0, 0, '9549777831', '9549777831@saloonchimp.com', '12345678', NULL, 1, '0'),
(289, 2, 0, 0, 0, '9251544268', '9251544268@saloonchimp.com', '12345678', NULL, 1, '0'),
(290, 2, 0, 0, 0, '9571973291', '9571973291@saloonchimp.com', '12345678', NULL, 1, '0'),
(291, 2, 0, 0, 0, '9413206563', '9413206563@saloonchimp.com', '12345678', NULL, 1, '0'),
(292, 2, 0, 0, 0, '9587573386', '9587573386@saloonchimp.com', '12345678', NULL, 1, '0'),
(293, 2, 0, 0, 0, '9636779752', '9636779752@saloonchimp.com', '12345678', NULL, 1, '0'),
(294, 2, 0, 0, 0, '7597165076', '7597165076@saloonchimp.com', '12345678', NULL, 1, '0'),
(295, 2, 0, 0, 0, '9694810251', '9694810251@saloonchimp.com', '12345678', NULL, 1, '0'),
(296, 2, 0, 0, 0, '9950756419', '9950756419@saloonchimp.com', '12345678', NULL, 1, '0'),
(297, 2, 0, 0, 0, '8890704137', '8890704137@saloonchimp.com', '12345678', NULL, 1, '0'),
(298, 2, 0, 0, 0, '9828394982', '9828394982@saloonchimp.com', '12345678', NULL, 1, '0'),
(299, 2, 0, 0, 0, '9950808405', '9950808405@saloonchimp.com', '12345678', NULL, 1, '0'),
(300, 2, 0, 0, 0, '9829313022', '9829313022@saloonchimp.com', '12345678', NULL, 1, '0'),
(301, 2, 0, 0, 0, '0141-2359702', '0141-2359702@saloonchimp.com', '12345678', NULL, 1, '0'),
(302, 2, 0, 0, 0, '9887365890', '9887365890@saloonchimp.com', '12345678', NULL, 1, '0'),
(303, 2, 0, 0, 0, '9694058223', '9694058223@saloonchimp.com', '12345678', NULL, 1, '0'),
(304, 2, 0, 0, 0, '9549866162', '9549866162@saloonchimp.com', '12345678', NULL, 1, '0'),
(305, 2, 0, 0, 0, '9680419457', '9680419457@saloonchimp.com', '12345678', NULL, 1, '0'),
(306, 2, 0, 0, 0, '9928648278', '9928648278@saloonchimp.com', '12345678', NULL, 1, '0'),
(307, 2, 0, 0, 0, '9314633287', '9314633287@saloonchimp.com', '12345678', NULL, 1, '0'),
(308, 2, 0, 0, 0, '9929925409', '9929925409@saloonchimp.com', '12345678', NULL, 1, '0'),
(309, 2, 0, 0, 0, '7742373349', '7742373349@saloonchimp.com', '12345678', NULL, 1, '0'),
(310, 2, 0, 0, 0, '9772265872', '9772265872@saloonchimp.com', '12345678', NULL, 1, '0'),
(311, 2, 0, 0, 0, '9829764969', '9829764969@saloonchimp.com', '12345678', NULL, 1, '0'),
(312, 2, 0, 0, 0, '9571858477', '9571858477@saloonchimp.com', '12345678', NULL, 1, '0'),
(313, 2, 0, 0, 0, '9694327676', '9694327676@saloonchimp.com', '12345678', NULL, 1, '0'),
(314, 2, 0, 0, 0, '9667095658', '9667095658@saloonchimp.com', '12345678', NULL, 1, '0'),
(315, 2, 0, 0, 0, '9636376365', '9636376365@saloonchimp.com', '12345678', NULL, 1, '0'),
(316, 2, 0, 0, 0, '9680139443', '9680139443@saloonchimp.com', '12345678', NULL, 1, '0'),
(317, 2, 0, 0, 0, '9799588044', '9799588044@saloonchimp.com', '12345678', NULL, 1, '0'),
(318, 2, 0, 0, 0, '9784094980', '9784094980@saloonchimp.com', '12345678', NULL, 1, '0'),
(319, 2, 0, 0, 0, '9887148728', '9887148728@saloonchimp.com', '12345678', NULL, 1, '0'),
(320, 2, 0, 0, 0, '7742717571', '7742717571@saloonchimp.com', '12345678', NULL, 1, '0'),
(321, 2, 0, 0, 0, '9694399701', '9694399701@saloonchimp.com', '12345678', NULL, 1, '0'),
(322, 2, 0, 0, 0, '0141-609702', '0141-609702@saloonchimp.com', '12345678', NULL, 1, '0'),
(323, 2, 0, 0, 0, '9024167316', '9024167316@saloonchimp.com', '12345678', NULL, 1, '0'),
(324, 2, 0, 0, 0, '9828913719', '9828913719@saloonchimp.com', '12345678', NULL, 1, '0'),
(325, 2, 0, 0, 0, '8058975892', '8058975892@saloonchimp.com', '12345678', NULL, 1, '0'),
(326, 2, 0, 0, 0, '9636375174', '9636375174@saloonchimp.com', '12345678', NULL, 1, '0'),
(327, 2, 0, 0, 0, '9636208411', '9636208411@saloonchimp.com', '12345678', NULL, 1, '0'),
(328, 2, 0, 0, 0, '9887282429', '9887282429@saloonchimp.com', '12345678', NULL, 1, '0'),
(329, 2, 0, 0, 0, 'patrick', 'patrick1@mailinator.com', 'e10adc3949ba59abbe56e057f20f883e', '0', 1, '0'),
(330, 2, 0, 0, 0, 'mukesh', 'mukesh.sharma@deemtech.com', 'e10adc3949ba59abbe56e057f20f883e', '0', 1, '0'),
(331, 2, 0, 0, 0, 'thanku', 'rakesh.shekhawat@gmail.com', 'e10adc3949ba59abbe56e057f20f883e', '0', 1, '0'),
(332, 2, 0, 1, 0, 'sudhanshu', 'marjss21@gmail.com', 'e10adc3949ba59abbe56e057f20f883e', '0', 1, '1'),
(333, 2, 0, 0, 1, 'superman', 'superman@superman.com', 'e10adc3949ba59abbe56e057f20f883e', '0', 1, '1');

-- --------------------------------------------------------

--
-- Table structure for table `dt_user_details`
--

CREATE TABLE IF NOT EXISTS `dt_user_details` (
  `id` int(11) NOT NULL AUTO_INCREMENT,
  `user_id` int(11) NOT NULL DEFAULT '0',
  `avtar` varchar(255) NOT NULL,
  `name` varchar(255) DEFAULT NULL,
  `mobile_no` varchar(255) DEFAULT NULL,
  `description` varchar(2000) DEFAULT NULL,
  `street` varchar(255) NOT NULL,
  `address` text NOT NULL,
  `city` varchar(255) DEFAULT NULL,
  PRIMARY KEY (`id`)
) ENGINE=InnoDB  DEFAULT CHARSET=latin1 AUTO_INCREMENT=281 ;

--
-- Dumping data for table `dt_user_details`
--

INSERT INTO `dt_user_details` (`id`, `user_id`, `avtar`, `name`, `mobile_no`, `description`, `street`, `address`, `city`) VALUES
(1, 51, '', 'Capital', '90010090363', NULL, '4 no dispencery', 'Hatwara Road , 4 no dispencery, Ajmer Road', 'Jaipur'),
(2, 52, '', 'Guestnest', '9828098280', NULL, '', '', 'delhi'),
(3, 53, '', 'My Salon', '9660038338', NULL, '', '', 'Jaipur'),
(4, 54, '', 'nkee', '90010090363', NULL, '', '', 'jaipur'),
(5, 55, '', 'mukesh', 'ghgfhgf', NULL, '', '', 'jupiter'),
(6, 56, '', 'my salon', '9660038338', NULL, '', '', 'Jaipur'),
(7, 57, '', 'Smart Salon', '9829795836', NULL, '', '', 'Jaipur'),
(8, 58, '', 'Shyam''s Salon', '9660038338', NULL, '', '', 'Jaiipur'),
(9, 59, '', 'Shyam''s Salon', '9660038338', NULL, '', '', 'Jaipur'),
(10, 60, '', 'Demo Spa & Salon', '9414582300', NULL, '', '', 'jaipur'),
(11, 61, 'avtar/61_9.jpeg', 'Divine Beauty & Spa', '9799391562', NULL, ' Lorem ipsum dolor sit amet,', '', 'Jaipur'),
(12, 62, '', 'Divine beauty salon/spa', '9001992724', NULL, '', '', 'Jaipur'),
(13, 63, '', 'jasmine beauty clinic and academy', '919829020332', NULL, '', '', ''),
(14, 64, '', 'Shades Skin & Hair Care', '9214912123', NULL, '', '', 'Jaipur'),
(16, 66, '', 'Sondaryam', '9828053507 ', NULL, 'Adarsh Nagar', '78-B, Taneja Block, Adarsh Nagar, ', 'Jaipur'),
(17, 67, '', 'Rani Shahnaz Herbal Beauty Parlour', '8058073388', NULL, 'Sanganer', 'Near Choudhary Petrol Pump,Opp Shri Ram Marriage Garden,Govind Nagar,Sanganer,Jaipur- 302030', 'Jaipur'),
(18, 68, '', 'Beauty Home', '9829145381 ', NULL, 'Bani Park', 'D-96, Sukh Samridhi Apparment, Swaai Madho Singh Circle, BANI PARK,Jaipur-302006 ', 'Jaipur'),
(19, 70, '', 'SMART N SHINY SALON', '0141-3015631', NULL, 'Vaishali Nagar', '6-A, 401, Star Appartment, Chitrakoot Sector 6, Near Sbbj Bank, Vaishali Nagar, ', 'Jaipur'),
(20, 71, '', 'Style N Scissors', '0141-4035698', NULL, 'Raja Park', '444, Shyam Kunj, Lane No-4, Raja Park, Jaipur - 302004 ', 'Jaipur'),
(21, 72, 'Vaishali Nagar', 'Lakme Salon', '0141-5103131', NULL, '', '1st Floor, Cosmo Colony, Amrapali Marg, Vaishali Nagar, ', 'Jaipur'),
(22, 73, 'avtar/73_111010c1.jpg', 'Lakme Salon', '0141-4112278', NULL, 'Malviya Nagar', 'Plot No. 36/37, Opposite Petrol Pump, Mauji Colony, Malviya Nagar, ', 'Jaipur'),
(23, 74, '', 'Spandan Beauty Spa', '9024989043', NULL, 'C SCHEME', 'G-20 B,royal Glitz, Krishna Marg, Near Ahinsa Circle, C SCHEME, - 302001', 'Jaipur'),
(24, 75, '', 'Style N Scissors', '0141-2359604', NULL, 'Vaishali Nagar', 'Lane -12, Opp Bharat gas , Gandhi Path, Vaishali Nagar, Jaipur - 302021 ', 'Jaipur'),
(25, 76, 'avtar/76_3.jpeg', 'Style N Scissors', '9828391448', NULL, 'Malviya Nagar', '38-39,SDC Building, Paradhan Marg ,Malviya Nagar, Mozi Colony, Malviya Nagar, Jaipur - 302017', 'Jaipur'),
(26, 77, '', 'Jawed Habib Hair & Beauty Salon', '0141-4018970', NULL, 'Bani Park', 'Shop No 205-206,2nd Flr,Crystal Mall, Sawani Jaisingh Highway, Bani Park, Jaipur - 302016', 'Jaipur'),
(27, 78, '', 'Jawed Habib Hair & Beauty Salon', '0141-4018970', NULL, 'Bani Park', 'Shop No 205-206,2nd Flr,Crystal Mall, Sawani Jaisingh Highway, Bani Park, Jaipur - 302016', 'Jaipur'),
(28, 79, '', 'Jawed Habib Hair & Beauty Salon', '0141-4020960', NULL, 'Malviya Nagar', 'Shop No 240-242, Crystal Court, 2nd Flr, Malviya Nagar, Jaipur - 302017 ', 'Jaipur'),
(29, 80, '', 'Matrix Hair Salon', '9928570287', NULL, 'Ajmer Road', 'NR Hirapath Petrol Pump, New Sanganer RD, Ajmer Road, Jaipur - 302006', 'Jaipur'),
(30, 81, '', 'Jwed Habib Hair Cut Salon', '9982939982', NULL, 'Malviya Nagar', '240, 2ND Floor, Crystal Court, Malviya Nagar, Jaipur - 302017', 'Jaipur'),
(31, 82, '', 'Style N Scissors', '0141-6508399', NULL, 'Shyamnagar', 'D-88, Janpath, Shyamnagar, Jaipur - 302019', 'Jaipur'),
(32, 83, '', 'Kaya Kalp Herbals', '0141-2290223', NULL, '', '59, Janpath, Shyamnagar, Jaipur - 302019', 'Jaipur'),
(33, 84, '', 'Shades - Hangout', '0141-4011408', NULL, 'Raja Park', 'Above Shop No. 395, 396, 397, Street No. 1, Raja Park, ', 'Jaipur'),
(34, 85, '', 'Fayyas Beauty Salon', '0141-5117071', NULL, '', 'G-1, E-92 Coral Castle, Near Bagadiya Bhawan, Subhash Marg, C Scheme, Jaipur - 302001 ', 'Jaipur'),
(35, 86, '', 'Yo Man Salon Academy', '0141-2236531', NULL, '', 'Shop No F-1 & 2, Alankar Plaza, Central Spine, NR Big Cinema, Vidhyadhar Nagar, Jaipur - 302023', 'Jaipur'),
(36, 87, '', 'Javed Hair Salon', '-9166113896', NULL, '', 'Dabla Road, Kotputli, Jaipur - 303108 ', 'Jaipur'),
(37, 88, '', 'Mama Hair Dresser', '9782091550', NULL, '', 'Shiv Nagar,Murlipura, Road No-2,Sikar Road, C Scheme, ', 'Jaipur'),
(38, 89, '', 'New Look Hair Salons', '7737892968', NULL, '', 'Ashok Chowk, Mukti Marg, Adarsh Nagar, ', 'Jaipur'),
(39, 90, '', 'Matrix-X Means Parlor', '9269901152', NULL, '', 'New Sanganer Road, Shivpuri Colouny, Sodala, ', 'Jaipur'),
(40, 91, '', 'The Body & Skin Care', '0141-2224419', NULL, '', 'C-84, Prithviraj Road, c scheme, Jaipur - 302001 ', 'Jaipur'),
(41, 92, '', 'Pariwar hair n skin care', '7742510077', NULL, '', 'Shop no 3 plot no 8, Imli phatak, Arjun puri , IMLI PHATAK, ', 'Jaipur'),
(42, 93, '', 'Kaya Attitude Spa', '0141-2358769', NULL, '', 'D 8, Hanuman NGR, Vaishali Nagar, Jaipur - 302021', 'Jaipur'),
(43, 94, '', 'Looks The Best Saloon', '9602290585', NULL, 'Sangi Park', 'Apex Cplx, NR Volkswagen Showroom , NR Sangi Park, Tonk RD, Jaipur - 302022 ', 'Jaipur'),
(44, 95, '', 'Beauty Creation', '0141-2373969', NULL, '', 'Near Banasthali University, C-63/B, Sarojini Marg, Behind Hotel Park Prime C-Scheme, Jaipur, C Scheme, Jaipur - 302001 ', 'Jaipur'),
(45, 96, 'avtar/96_8.jpg', 'Skin & hair studio', '0141-3297778', NULL, '', 'G-1, Mayur Apt, Rajbhawan Mg, Civil Lines, Jaipur - 302006', 'Jaipur'),
(46, 97, '', 'Orient Spa And Academy', '0141-5117111', NULL, '', 'SP 36 B, Cambay Spa & Resort, Riico Industrial Area, kukas, Jaipur - 303101', 'Jaipur'),
(47, 98, '', 'Smart Men Gents Beauty Parlour', '9314507316', NULL, '', '1,Subh Mangal Cplx, New Sanganar Road, Jaipur - 302019', 'Jaipur'),
(48, 99, '', 'Spark Salon', '0141-2702897', NULL, '', 'B-200, NR Janta Store, Rajendra MG, jaipur gpo, Jaipur - 302001 ', 'Jaipur'),
(49, 100, '', 'galaxy saloon spa', '9785872068', NULL, '', '29,30,Siddhart Shopping Centre, Opposite Bhardwaj Petrol Pump, Malviya Nagar, Jaipur - 302017', 'Jaipur'),
(50, 101, '', 'Cuts & Style', '9928085566', NULL, '', 'Shop No 164, Palika Bazar, Sector-9, Malviya Nagar, Jaipur - 302017', 'Jaipur'),
(51, 102, '', 'Glown & Style', '0141-3199444', NULL, '', 'Riico Shopping Centre, Near Apex Hospital, Jagatpura Road, Malviya Nagar, Jaipur - 302017', 'Jaipur'),
(52, 103, '', 'Grace N Gorgeous Vaishali NGR', '0141-5112710', NULL, '', '207,2nd Flr,Ganpati Tower, Vaishali Nagar, Jaipur - 302021', 'Jaipur'),
(53, 104, '', 'Hair Creation', '0141-6506499', NULL, '', 'G-3,4,Anirudh Appt, Mahaveer NGR, Tonk RD, durgapura, Jaipur - 302018 ', 'Jaipur'),
(54, 105, '', 'Kavitas Salon N Spa', '0141-2720979', NULL, '', '12/14, Opp Girdhar Hospital, Malviya Nagar, Jaipur - 302017', 'Jaipur'),
(55, 106, 'avtar/106_21.jpeg', 'Kaya Attitude Spa Outlet', '0141-3935468', NULL, '', '220-221, Crystal Palm, Sahkar Bhawan Circle, Sardar Patel MG, C Scheme, Jaipur - 302001', 'Jaipur'),
(56, 107, '', 'Mohan Hair & Gents Parlour', '0141-2357134', NULL, '', 'B-8, Amarpali Plaza, Amarpali Circle, Vaishali Nagar, Jaipur - 302021 ', 'Jaipur'),
(57, 108, '', 'Lucky Hair Dressar', '9799260533', NULL, '', 'M T S Office K Pass, Hatwada Road, jaipur city, ', 'Jaipur'),
(58, 109, '', 'Villa Appearances', '0141-2388783', NULL, '', '83/84,Ganpati Plaza,Grd Flr, M I Road, Jaipur - 302001', 'Jaipur'),
(59, 110, '', 'Acme Make UP Studio & Beauty Clinic', '0141-4053725', NULL, '', 'A-482 , Ground Floor ,Calibre House, Opp. Laxmi Narayan Mandir, Amrapali Marg, Vaishali Nagar, Jaipur - 302021', 'Jaipur'),
(60, 111, '', 'Aroma Hair Salon', '9928835521', NULL, '', 'Shop No-G 11, Vaishali Tower, Nursery Circle, Vaishali Nagar, ', 'Jaipur'),
(61, 113, '', 'Elegant Snip', '9829470402', NULL, '', 'Plot No. 16, Opp. Khandala Hospital, tonk rd, Jaipur - 302022', 'Jaipur'),
(62, 114, '', 'Lavanya A perfect beauty home', '0141-2352336', NULL, '', 'Khushi Apartment, Vidhyut Nagar-C, Near Akshardham dham temple., Chitrakoot Marg, Vaishali Nagar, Jaipur - 302021 ', 'Jaipur'),
(63, 115, '', 'Make Over Gents Parlour', '9928634331', NULL, 'Hatwara Road', '4,Circle, NR-ESI Hospital, Hatwara road, Ajmer RD, ', 'Jaipur'),
(64, 116, '', 'Modage', '9352394945', NULL, '', 'B-1-2, Ganesham Tower, Amrapali Circle, Vaishali Nagar, ', 'Jaipur'),
(65, 117, 'avtar/117_14.jpeg', 'New Guys & Gals', '9928141975', NULL, 'Mansarovar', '38/373, Rajat Path, mansarovar, Jaipur - 302020 ', 'Jaipur'),
(66, 118, '', 'Pooja Beauty Saloon', '9530267818', NULL, '', 'Shop No.14, Bhawani Nagar, sikar road, ', 'Jaipur'),
(67, 119, '', 'Star Shine Beauty Parlour & Salon', '9784471883', NULL, 'Ajmer Road', 'P No 5, Nr Sodani Sweets, Purani Chungi, Ajmer Rd, Ajmer Road, Jaipur - 302001', 'Jaipur'),
(68, 120, '', 'Style & Spa', '7742343434', NULL, '', '494, Vivek Vihar, New Sanganer Road, Shyamnagar, ', 'Jaipur'),
(69, 121, '', 'Taj Saloon', '0141-2211919', NULL, '', 'Inside Rambagh Palace Hotel, Secreteriat, Jaipur - 302005', 'Jaipur'),
(70, 122, 'avtar/122_5.jpeg', 'Vermas Hair Academy & Beauty Saloon', '0141-5121624', NULL, 'Raja Park', '313, Gali No-6, Raja Park, ', 'Jaipur'),
(71, 123, '', 'Xpressions Hair & Beauty Salon', '0141-2297828', NULL, '', 'A-3, Jyotiba Phule Circle, New Sanganer Road, Sodala, Jaipur - 302019', 'Jaipur'),
(72, 124, '', 'Divya Hair Sallon', '9983072228', NULL, '', 'Opp.Patel Nagar, Govind Oura,Near-R.S. Pardise, Jhotwara Industrial Area, ', 'Jaipur'),
(73, 125, '', 'Prabhat salon', '0141-2318884', NULL, '', 'Link Road,  Shop no. 12 Babu bazar, BAPU BAZAR, ', 'Jaipur'),
(74, 126, '', '69 Life Style', '9929559284', NULL, 'Ajmer Road', 'Kings Road, Nirman Nagar, ajmer road, Jaipur - 302001 ', 'Jaipur'),
(75, 127, '', 'A One Hair Art', '9351559310', NULL, '', 'Sec-11, Malviya Nagar, Jaipur - 302017 ', 'Jaipur'),
(76, 128, '', 'A-One Jents Parlors', '9799136312', NULL, '', '141, Chirniya Tower, Sindhu Nagar, Nahari KA Naka, Jaipur - 302016 ', 'Jaipur'),
(77, 129, '', 'Ajanta Hair Cut & Gents Parlour', '9829032295', NULL, '', 'Baraf Khana Chouraha,Opposite Shahi Vaishno Dhaba, Jawahar Nagar Road,Govind Marg, Adarsh Nagar, ', 'Jaipur'),
(78, 130, '', 'Ajay Gents Parlour', '9950669031', NULL, '', 'Ganesh Nagar, 200 Feet Bypass, Hirapur, Jaipur, ', 'Jaipur'),
(79, 131, '', 'Ajay Hair Dresser', '9887237302', NULL, '', 'Village- Bobas, Dist- Jaipur, Via- Phulera , Tehsil- Phulera, Phulera, ', 'Jaipur'),
(80, 132, '', 'Ajay Hair Dresser', '9799884727', NULL, 'Mansarovar', '42/1, Swaran Path, Mansarovar, Jaipur - 302020 ', 'Jaipur'),
(81, 133, '', 'Ajay Hair Dresser', '8233137584', NULL, '', 'Main Market, Via- Jobner, Village - Hingoniya, Jobner, ', 'Jaipur'),
(82, 134, '', 'Ajay Hair Dresser', '8058921663', NULL, '', 'Bobas, Jobner, ', 'Jaipur'),
(83, 135, '', 'Ajay Jents Parlour', '8058511042', NULL, '', 'Nayala Road, Agra Road, ', 'Jaipur'),
(84, 136, '', 'All IS Well Hair &Spa Saloon', '7737278869', NULL, 'Mansarovar', 'S.F.S Shopping Center, Near Tandoor, Shop No-5/P, mansarovar, Jaipur - 302020', 'Jaipur'),
(85, 137, '', 'Amar Hair Cut Style & Hair Dressar', '9314382738', NULL, '', 'Railway Station K Pass, Power House Road, jaipur city, ', 'Jaipur'),
(86, 138, '', 'Amit Jents Parlour', '9660759824', NULL, '', 'A-19, Near Nursery Cercle, Vinoba Bhave Nagar, Vaishali Nagar, ', 'Jaipur'),
(87, 139, '', 'Anand jents parlour', '9887904365', NULL, '', 'Khirni phatak road, Tara nagar A-88, JHOTWARA, ', 'Jaipur'),
(88, 140, '', 'Anil Hair Art', '8233522145', NULL, '', 'JAI Singhpura Khor, Super Bazar, Jaipur City, ', 'Jaipur'),
(89, 141, '', 'Anil Hair Dresser', '9829369250', NULL, '', 'Ganesh Market, Paota Kotputli, Kotputli, ', 'Jaipur'),
(90, 142, 'avtar/142_11.jpeg', 'Anis Gents Parlor', '9680832022', NULL, 'Mansarovar', 'Jaipur, Jaipur, Mansarovar, Jaipur - 302020', 'Jaipur'),
(91, 143, '', 'Anjali Payal Hair Dresser', '8058391834', NULL, 'Sodala', 'Saraswati Nagar, Ajmer Road, Sodala, ajmer road, Jaipur - 302012 ', 'Jaipur'),
(92, 144, '', 'Anshu Jents Parlours', '8432477269', NULL, '', 'Opp. R S Paradise, Kalwar Road, Govindpura, Jhotwara, ', 'Jaipur'),
(93, 145, '', 'Apana Gents Parlour', '9799683807', NULL, '', 'Ghosiya KA Rasta, Ghatget Bazar, Ramganj Bazar, ', 'Jaipur'),
(94, 146, '', 'Apka Hair Saloon', '7742649562', NULL, '', 'NR. Sardar Senier Sec.School,Opp-LAL Khothi, Ward No. 16 TH. Kotputli, Kotputli, ', 'Jaipur'),
(95, 147, 'avtar/147_2.jpeg', 'Apna Hair Dresser', '9799085044', NULL, '', 'Bus Stand Medat, Virat Nagar, Virat Nagar, ', 'Jaipur'),
(96, 148, 'avtar/148_12.jpeg', 'Appearance Hair Cut Saloon', '9414922055', NULL, '', 'Queens Road, Moti Nagar, Queens Road, Jaipur - 302021', 'Jaipur'),
(97, 149, '', 'Apsara Hair Dressar', '9785332099', NULL, '', 'Masjjidk Samne, Khatipura Road, jaipur city, ', 'Jaipur'),
(98, 150, '', 'Arjun Hair Dresser', '9636375552', NULL, '', 'Village - Ugriwas, Dist- Jaipur, Via - Phulera, Phulera, ', 'Jaipur'),
(99, 151, '', 'Ashish gents parlor', '7877912739', NULL, '', '3/17, Opp. GSI, Pardhan marg, Malviya Nagar, Jaipur - 302017', 'Jaipur'),
(100, 152, '', 'Ashok Hair Beautsiyan', '9785503415', NULL, '', 'Anaaj Mandi, Paota Kotputli, Kotputli, ', 'Jaipur'),
(101, 153, '', 'Ashok Hair Drasser', '9252124240', NULL, '', 'TH. Dudu, Malpura Road, Dudu, ', 'Jaipur'),
(102, 154, '', 'Ashoka Hair Art', '0141-2640352', NULL, '', 'Transport Nagar, Agra Road, agra road, Jaipur - 302004', 'Jaipur'),
(103, 155, '', 'Avon Hair Drasser', '9828122562', NULL, '', 'Mach Pipali, Goner Road, Jaipur City, ', 'Jaipur'),
(104, 156, '', 'B & B Saloon', '9828250092', NULL, '', '4-B, JAI Ambe NGR, NR Of Capiston Factory, Tonk RD, Jaipur - 302022', 'Jaipur'),
(105, 157, '', 'B B Beauty Saloon', '9950336052', NULL, '', 'Opposite Choudhary Petrol Pump, Tonk Road, Sanganer, Jaipur - 302030 ', 'Jaipur'),
(106, 158, '', 'B L main saloon', '9509614834', NULL, '', '12 meek , vatika mod , choki dhani, PRATAP NAGAR, ', 'Jaipur'),
(107, 159, '', 'Bajrang Hair Dresser', '9214555730', NULL, 'Ajmer Road', 'Opp. Veer Tejaji Mandir, Susilpura, Ajmer Road Sodala, Ajmer Road, ', 'Jaipur'),
(108, 160, '', 'Balvish Hair Dresser', '9887523301', NULL, '', 'Main Chouraha, Dabla Road, Kotputli, Jaipur - 303108', 'Jaipur'),
(109, 161, '', 'Beast Hair Dresser', '9784046338', NULL, '', 'Sindhi Colony Powar House, Nahari KA Naka, Shastri Nagar, ', 'Jaipur'),
(110, 162, '', 'Bhanu Hair Dresser', '9887871041', NULL, '', 'Ganesh Market, Paota Kotputli, Kotputli, ', 'Jaipur'),
(111, 163, '', 'Bharat Hair Dresser', '9636074739', NULL, '', 'Police Station K Samne, Station Road, jaipur city, ', 'Jaipur'),
(112, 164, 'avtar/164_7.jpeg', 'Biotique Gents Beauty Parlour', '9829116744', NULL, '', 'G-14,Amarpali Plaza, Vaishali Nagar, Jaipur - 302021', 'Jaipur'),
(113, 165, '', 'Bombay Jents Parlour', '9829354915', NULL, '', 'Chand Vihari Nagar, Khatipur, Jaipur - 302017 ', 'Jaipur'),
(114, 167, '', 'Brujwasi Hair Dresser', '9460573958', NULL, 'Ajmer Road', 'Susilpura, Sodala, Ajmer Road, ', 'Jaipur'),
(115, 168, '', 'C.L Cut & Hair', '0141-6533224', NULL, 'Ajmer Road', 'M.G Nagar, D.C.M, Church Road, ajmer road, Jaipur - 302001 ', 'Jaipur'),
(116, 169, '', 'C.L Hair Dresser', '9166900219', NULL, '', 'A-4, Janta Store, Bapu Nagar, tonk rd, Jaipur - 302022', 'Jaipur'),
(117, 170, '', 'C.L. Hair.Dressar', '0141-6576750', NULL, 'Raja Park', 'Shop No-10, Raja Park, Raja Park, Jaipur - 302004', 'Jaipur'),
(118, 171, '', 'Capital Hair', '8094737470', NULL, 'Ajmer Road', 'Shop No-10, NR Dispensri, Ajmer RD, Jaipur - 302026 ', 'Jaipur'),
(119, 172, '', 'Champion Gents Salon', '9799322262', NULL, 'Mansarovar', '119/382, Agarwal Farms , Thari Mkt, Mansarovar, Jaipur - 302020 ', 'Jaipur'),
(120, 173, '', 'Champion Hair Dresser', '9950152540', NULL, 'Jhotwara', 'NR PNB, Factory Area RD, jhotwara, Jaipur - 302012 ', 'Jaipur'),
(121, 174, '', 'Champion Hair Dresser', '9829093128', NULL, 'Bani Park', 'S-6, Kabir Mg, Bani Park, Jaipur - 302006 ', 'Jaipur'),
(122, 175, '', 'Chena Hair Drasser', '7742566007', NULL, 'Bhankrota', 'Bus Stand, Bhankrota, ', 'Jaipur'),
(123, 176, '', 'Classic hair salon', '9983824008', NULL, 'Mansarovar', 'Kaveri path, Mansarovar, Jaipur - 302020 ', 'Jaipur'),
(124, 177, '', 'Classic salon parlar', '9660258928', NULL, 'Mansarovar', '56/40, Rajat Path, Mansarovar, ', 'Jaipur'),
(125, 178, '', 'D-style Parlour', '9602570314', NULL, '', '13/397, sec-13, Opp. Nagar nigam, Malviya Nagar, Jaipur - 302017 ', 'Jaipur'),
(126, 179, '', 'D.J Hair Drasser', '9928163407', NULL, '', 'NR.Jodla Powar House, Anokha Gaon Mode Sikar Road Harmada, vishwakarma industrial area, ', 'Jaipur'),
(127, 180, '', 'D.L Mens Parlours', '7742829585', NULL, '', 'Ram Nagar, Sodala, sodala, Jaipur - 302006 ', 'Jaipur'),
(128, 181, '', 'Deepak Hair Art', '9610170706', NULL, '', 'Near Old Petrol Pump, Govindam Tower, Kalwar Road, Govindpura, Jhotwara, ', 'Jaipur'),
(129, 182, '', 'Deepak Hair Dresser', '8769458041', NULL, '', 'Bus Stand Nh8, Pawata, Kotputli, ', 'Jaipur'),
(130, 183, '', 'Delhi Hair Drasser', '9784588208', NULL, '', 'P-121, RD No 14 V.K.I, Sangam Colony, vishwakarma industrial area, ', 'Jaipur'),
(131, 184, '', 'Delite Hair Dresser', '9887468340', NULL, '', 'Police Station K Samne, Station Road, jaipur city, ', 'Jaipur'),
(132, 185, '', 'Delux Hair & Dresser', '9636764340', NULL, '', 'Opp. Kardhani Thana,Govindpura,Chandan NGR, Kalwar RD, Jaipur, Jaipur - 302021 ', 'Jaipur'),
(133, 186, '', 'Delux Hair Drasser', '9887998180', NULL, '', 'Virat Nagar Jaipur, NH -13 Alwar Road, Virat Nagar, ', 'Jaipur'),
(134, 187, '', 'Dhurub Beauty Parlour', '8290903813', NULL, '', 'TH. Kotputli, NH-8 Road, Kotputli, ', 'Jaipur'),
(135, 188, '', 'Dinesh Hair Dresser', '9784798024', NULL, '', 'Gram- Ramkui Pachar, Dist- Jaipur, Via- Kalwad, Kalwad, ', 'Jaipur'),
(136, 189, '', 'Dugra Hair Dresser', '9799474208', NULL, '', 'Jaipur, Railway Station K Samne, jaipur city, ', 'Jaipur'),
(137, 190, '', 'Fair Skin & Salon', '0141-2750191', NULL, '', 'malviya nagar, Jaipur - 302017 ', 'Jaipur'),
(138, 191, '', 'Free Listening (Dummy )', '9856987456', NULL, '', '22 godam, ', 'Jaipur'),
(139, 192, '', 'Fundoo Hairstyles', '7568484895', NULL, 'Mansarovar', 'Mansarovar, Jaipur - 302020 ', 'Jaipur'),
(140, 193, '', 'G S Hair Art', '9314449114', NULL, '', 'PL No. 135, Avdhpuri-2ND, Mahesh Nagar, ', 'Jaipur'),
(141, 194, '', 'G. L. Mens Parlour', '9001440037', NULL, '', 'Bajri Mandi Road, Panchyawala, vaishali nagar, Jaipur - 302021', 'Jaipur'),
(142, 195, '', 'Gajendra Hair Dresar', '9785098956', NULL, '', 'Sukh Vihar, Gurjar KI Thari, Sodala, ', 'Jaipur'),
(143, 196, '', 'Gajendra Hair Dresser', '9351973888', NULL, '', '1, Champa NGR Gurjar`s Thari, Sodala, Jaipur - 302006 ', 'Jaipur'),
(144, 198, '', 'Ganesh Hair Dresser', '8003845307', NULL, '', 'Shop No.78, 80 Feet RD, hira pura, Jaipur - 302006 ', 'Jaipur'),
(145, 199, '', 'Gaurav Gents Parlour', '9680074568', NULL, 'Ajmer Road', 'Sanjay NGR, 80 Feet RD, ajmer road, Jaipur - 302012 ', 'Jaipur'),
(146, 200, '', 'Girdhari Hair Dresser', '9950977797', NULL, '', 'Pragpura MOD, Paota Kotputli, Kotputli, ', 'Jaipur'),
(147, 201, '', 'Girraj Hair Dressr', '9001314565', NULL, '', 'Choudhary Market, New Rico Road Bagru, Bagru, ', 'Jaipur'),
(148, 202, '', 'Gold Star Hair Art', '8058023136', NULL, '', 'Shop No. 1, Kanwar Nagar, Chandi KI Taksal, ', 'Jaipur'),
(149, 203, '', 'Golden gents parlor', '9602042119', NULL, 'Mansarovar', 'Swarn path, Mansarovar, Jaipur - 302020 ', 'Jaipur'),
(150, 204, '', 'Golden star gents parlour', '9929183750', NULL, '', 'Shree ram marg, Near maharana pratap school, Kirni phatak road, JHOTWARA, ', 'Jaipur'),
(151, 205, '', 'Golden star hair cut & men parlour', '9950031516', NULL, '', 'Kanta Chouraha, Kalwar Road, Jhotwara, Jaipur - 302016 ', 'Jaipur'),
(152, 206, '', 'Good Luck Salon', '7737018117', NULL, '', 'Near Raymond showroom, Tonk road ,Laxmi Mandir k samne, SAHKAR MARG, ', 'Jaipur'),
(153, 207, '', 'Good Men Gents Parlour', '9460147663', NULL, '', 'B-20 Chitrakoot Stadium, Gate no 2, Chitrakoot Yojna, Vaishali Nagar, Jaipur - 302021', 'Jaipur'),
(154, 208, '', 'Good morning unisex saloon & spa', '9314053373', NULL, '', 'G-11, Ganpati Encl, Centtral Spine, Vidhyadhar Nagar, Jaipur - 302023', 'Jaipur'),
(155, 209, '', 'Gopal Computers', '0141-3220213', NULL, '', 'A-12, JAI Kishan Clny, Barkat Ngr, Tonk Pathak, Jaipur - 302015', 'Jaipur'),
(156, 210, '', 'Gopal Hair Art', '9414209096', NULL, '', 'Shop No.9, Karbala Chouraha , Amer Road, Jaipur - 302002 ', 'Jaipur'),
(157, 211, '', 'Govind Hair Art', '9829160861', NULL, '', 'Navrangpura, Bus Stand, Virat Nagar, ', 'Jaipur'),
(158, 212, '', 'Govind Hair Drasser & Gents Parlour', '9928119684', NULL, '', 'Sikar RD, RD No 14 Tejaji Mandir KE Opp:, vishwakarma industrial area, ', 'Jaipur'),
(159, 213, '', 'Hanuman Hair Drasser', '9001888037', NULL, 'Ajmer Road', 'N.H.8 Ajmer Road, Mokhampura, ajmer road, ', 'Jaipur'),
(160, 214, '', 'Hari OM Gents Parlour', '9468847799', NULL, 'Mansarovar', 'Opp. Shopping Centre, Rajatpath, Mansarovar, Jaipur - 302020', 'Jaipur'),
(161, 215, '', 'He & She Beauty Parlour', '9928352112', NULL, 'Bani Park', 'D-235 Akshat Apartment, Bihari Marg, Banipark, bani park, Jaipur - 302006 ', 'Jaipur'),
(162, 216, '', 'Hemant Hair Drasser', '9928100541', NULL, '', 'Opp. Railway Station, NR. Sangam Cinema, Sanganer Bazar, ', 'Jaipur'),
(163, 217, '', 'Hina Beauty Parlour', '8952976048', NULL, '', 'TH. Kotputli, BL Jangir Maket Pabta, Kotputli, ', 'Jaipur'),
(164, 218, '', 'Honey Jents Plours', '9352337780', NULL, '', 'Shastri Nagar, Shiv Shakti Colony, Shastri Nagar, ', 'Jaipur'),
(165, 219, '', 'Imran Hair Dresser', '9887301778', NULL, '', 'Shikari KI Mori, Ramganj Bazar, Ramganj Bazar, ', 'Jaipur'),
(166, 220, '', 'Imtiaz Gents Parlour', '9928134057', NULL, '', 'Shop No 1, Telephone Clny, tonk pathak, Jaipur - 302015', 'Jaipur'),
(167, 221, '', 'J K Gents & Ladies Paular', '9887682982', NULL, '', 'NR Pancgvati Chauraha, Narena RD, Phulera, Jaipur - 303338 ', 'Jaipur'),
(168, 222, '', ' K Hair Beauty Parlour', '9785738429', NULL, '', 'NR State Bank Jaipur, Purani Dehli RD, Shahpura Jaipur, Jaipur - 303103', 'Jaipur'),
(169, 223, '', 'J K Hairdresser', '9314184092', NULL, '', 'Near Balaji Mandir, Pratap Nagar, Jaipur - 302030 ', 'Jaipur'),
(170, 224, '', 'J P Hair Style Saloon', '9351239651', NULL, '', 'Khatipura Circle, Marudhar Vihar, Khatipura, ', 'Jaipur'),
(171, 225, '', 'Jagdamba Hair Dresser', '9929600436', NULL, '', 'Near RR Properties, Bhuwneshwari Vatika, Bajri Mandi Road, vaishali nagar, Jaipur - 302021', 'Jaipur'),
(172, 226, '', 'Janta Hair Art', '9660259389', NULL, '', 'Village - Ramkui, Dist- Jaipur, Post - Pachar Via- Kalwad, Kalwad, ', 'Jaipur'),
(173, 227, '', 'Janta Hair Dresser', '9799283481', NULL, '', 'Pragpura,Main Market, Kotputli, ', 'Jaipur'),
(174, 228, '', 'Jatin Gents Parlour', '9950817580', NULL, '', 'Chand Chaki Road, Laxmi Nagar, N.H.8 Kotputli, Kotputli, ', 'Jaipur'),
(175, 229, '', 'JAY Bhawani Hair Dresser', '9571739572', NULL, '', 'Bus Stand, Vichun, Dudu, Dudu, ', 'Jaipur'),
(176, 230, '', 'Jitendra Hair Art', '8696411850', NULL, '', 'Khtiko KI Dharmsala KE Paas, dudu, ', 'Jaipur'),
(177, 231, '', 'Jodhpur Hair Dresser', '8107714642', NULL, 'Mansarovar', 'Varun Path, Mansarovar, Mansarovar, Jaipur - 302020 ', 'Jaipur'),
(178, 232, '', 'Jonny Hair Dresser', '9680897523', NULL, '', 'Dabla RD, Kotputli, Jaipur - 303108 ', 'Jaipur'),
(179, 233, '', 'joy spa hairs beauty saloon', '9829743662', NULL, '', '9-10,Lucky Appartment, J M C ,Near JMC Gurudwara ,Sabji Mandi ,Sector -3, Malviya Nagar, Jaipur - 302017 ', 'Jaipur'),
(180, 234, '', 'Jyoti Hair Dresser', '9680754248', NULL, '', 'Sushilpura Road, Sodala, sodala, Jaipur - 302019', 'Jaipur'),
(181, 235, '', 'Kailash Hair Arts', '9982151969', NULL, '', 'Jhag Bus Stand Bagru, Bagru, ', 'Jaipur'),
(182, 236, '', 'Kalyan Hair Dresser', '9694196037', NULL, '', 'Bus Stand Medat, Virat Nagar, Virat Nagar, ', 'Jaipur'),
(183, 237, '', 'Kanaram Hair Drasser', '9784379281', NULL, '', 'TH.Dudu, Malpura Road, Dudu, ', 'Jaipur'),
(184, 238, '', 'Keshav Kesh Kala Kendra', '9529250235', NULL, '', 'Kartarpura Satya Vatika , Rao JI KA Bagh, Kartarpura, Jaipur - 302006', 'Jaipur'),
(185, 239, '', 'Khusboo Gents Beauty Parlour', '9785559937', NULL, '', 'TH. Kotputli, NH-8 Road, Kotputli, ', 'Jaipur'),
(186, 240, '', 'Khusbu Hair Dresser', '9928041504', NULL, 'Ajmer Road', 'Baba Market, Ajmer RD, Jaipur - 302026 ', 'Jaipur'),
(187, 241, '', 'Khushi Hair Dresser', '7891003363', NULL, '', 'Esic Link Road, Hatwada Road, jaipur city, ', 'Jaipur'),
(188, 242, '', 'Kings Parlour', '9782203010', NULL, '', 'Mukanpura Road, Sirsi Road, Opp. Petrol Pump, Bindayaka, ', 'Jaipur'),
(189, 243, '', 'Koral Unisex Salon', '9602584803', NULL, '', '602, Bees Dukan ,Near By Jain Mandir, Adarsh Nagar, ', 'Jaipur'),
(190, 244, '', 'Krishna Hair Drasser', '9875118899', NULL, '', 'Laxmi Nagar Chand Chakki Road, Kotputli, ', 'Jaipur'),
(191, 245, '', 'Krishna Hair Dresser', '9983741873', NULL, 'Mansarovar', '10/200, Swarn Path, mansarovar, Jaipur - 302020', 'Jaipur'),
(192, 246, '', 'Lakki Hair Drassar', '9785452751', NULL, '', 'TH.Jhotwara, Mukhay Post-Mudiya Rasar, jhotwara, ', 'Jaipur'),
(193, 247, '', 'Lakki Haire Drasser', '9782728868', NULL, '', 'TH. Dudu, Malpura Road, Dudu, ', 'Jaipur'),
(194, 248, '', 'Lakshay Hair Dresar', '0141-3118682', NULL, '', 'Shop No.86, Chobe JI Bagichi, Bandhi KI Nisik Hawali, Jaipur City, ', 'Jaipur'),
(195, 249, '', 'Lalit Hair Drasser', '9929594686', NULL, '', 'Gram- Pragpura Kotputli, Kotputli, ', 'Jaipur'),
(196, 250, '', 'Laxmi Beatuy & Spa', '0141-2291416', NULL, '', 'Laxmi Niwas-192, Near Bank Of India, Goverdhan Colony, Sodala, Jaipur - 302006 ', 'Jaipur'),
(197, 251, '', 'Laxmi hair salon', '9610743100', NULL, '', 'Opp.5/2, Amit bharad waj marg, Malviya Nagar, Jaipur - 302017 ', 'Jaipur'),
(198, 252, '', 'Life Style Jents Parlour', '8058497140', NULL, '', 'Sirsi Road, 200ft By-Pass, Panchyawala, Jaipur - 302034', 'Jaipur'),
(199, 253, '', 'Luckey Jents Parlour', '9680168418', NULL, '', 'Opp. India Gate, Shabdi Nagar, Sitapura Industrial Area, Tonk Road, Sanganer, ', 'Jaipur'),
(200, 254, '', 'Lucky Jents Parlour', '9314849894', NULL, 'Ajmer Road', '2 A Vidyut Nagar, D.C.M, Hira Pura Road, Ajmer Road, ', 'Jaipur'),
(201, 255, '', 'M L Hair Dressar', '9929526642', NULL, '', 'Ram Nagar Sodala, Goutam Panth, jaipur city, ', 'Jaipur'),
(202, 256, '', 'Mahalaxmi Gents Saloon', '9983969020', NULL, '', 'Plot No 134, Shop No 3, Nemi Nagar, Shyam Market, Vaishali Nagar, Jaipur - 302021', 'Jaipur'),
(203, 257, '', 'Mahesh Hair Dresar', '9829535527', NULL, '', 'Ramgad Road, Nayi KI Thadi, Jaipur City, ', 'Jaipur'),
(204, 258, '', 'Manglam Hair Drasser', '9252272129', NULL, '', 'Naraina Road Dudu, Dudu, ', 'Jaipur'),
(205, 259, '', 'Manoj Hair Drasser', '9784767539', NULL, '', 'Jaipur, Gram- Pragpura Kotputli, Kotputli, ', 'Jaipur'),
(206, 260, '', 'Manu gents parlor', '8742066272', NULL, '', 'Shop no.-7, Opp.satkar shopping center, Malviya Nagar, Jaipur - 302017', 'Jaipur'),
(207, 261, '', 'Mayank Gents Beauty Parlour', '8003748755', NULL, '', 'NR. Sbbj Bank, NH -13 Alwar Road Main Stand Virat Nagar, Virat Nagar, ', 'Jaipur'),
(208, 262, '', 'Mayur Gents Parlour', '9887076757', NULL, '', 'H No-1/428, Sector-1,Surya Market, Malviya Nagar, Jaipur - 302017 ', 'Jaipur'),
(209, 263, '', 'Mayur Hair Arts', '9929260164', NULL, '', 'Ram Nagar Sodala, Ganesh Path, jaipur city, ', 'Jaipur'),
(210, 264, '', 'Medica sheving centre', '9351706369', NULL, 'Mansarovar', 'Swarn path, Mansarovar, Jaipur - 302020', 'Jaipur'),
(211, 265, '', 'Men Zone Saloon', '9660844463', NULL, '', 'S No-9, Jharkhand MOD, Khatipura Road, Khatipura, Jaipur - 302021', 'Jaipur'),
(212, 266, '', 'Mens Parlour', '9829518225', NULL, '', 'Tara nagar-A, Plot no. 87 Khirni Phatak RD, Jhotwara, Jaipur - 302012', 'Jaipur'),
(213, 267, '', 'Modern hair dresser', '8955923644', NULL, 'Mansarovar', 'Madhyam marg, Mansarovar, Jaipur - 302020', 'Jaipur'),
(214, 268, '', 'Mohan Hair Dresser', '9829437114', NULL, '', 'Shop No 5, Shastri Nagar, Shindu Colony, Shastri Nagar, ', 'Jaipur'),
(215, 269, '', 'Mohit hair art', '9462231973', NULL, '', 'Durgapura, Jaipur - 302018', 'Jaipur'),
(216, 270, '', 'Mona Hair Dresses', '9929611451', NULL, '', '200 Fit Bypass, Bajri Mandi, vaishali nagar, Jaipur - 302021 ', 'Jaipur'),
(217, 271, '', 'Monu Hair Dresser', '8003247850', NULL, '', 'Gram- Ramkui Pachar, Dist- Jaipur, Via- Kalwad, Tehsil- Phulera, Kalwad, ', 'Jaipur'),
(218, 272, '', 'Mukesh Hair Art', '9983255530', NULL, '', 'Ramnagar Vistar, Opp. Sanichar Mandir, Gopi Vihar Colony, Swez Farma, Sodala, ', 'Jaipur'),
(219, 273, '', 'Mukesh Hair Saloon', '9351213107', NULL, '', 'Shop No.233, NR Dher KE Balaji Mandir, Sikar RD, Vidhyadhar Nagar, Jaipur - 302023 ', 'Jaipur'),
(220, 274, '', 'Mukesh Sain Hair Dresser', '9352163353', NULL, 'Ajmer Road', 'Susilpura, Sodala, ajmer road, Jaipur - 302019 ', 'Jaipur'),
(221, 275, '', 'Muskan Hair Beauty Gents Saloon', '9928651774', NULL, '', 'Shopping Center, Rakadi Mode Sodala, 3 Laxmi Nagar, Sodala, ', 'Jaipur'),
(222, 276, '', 'Muskan Hair Dresser', '9887414105', NULL, '', 'NR Krishana Plaza, Dabla RD, Kotputli, Jaipur - 303108', 'Jaipur'),
(223, 277, '', 'Narash Jents Parlour', '9351175434', NULL, '', 'Shop No 10, New Sanjay Nagar Bhatta Basti, Ferdos Masjid, Shastri Nagar, ', 'Jaipur'),
(224, 278, '', 'Naveen Hairdressar', '9772616908', NULL, '', 'Chirayan Tower, Sindhi Colony, Nahari KA Naka, Jaipur - 302016', 'Jaipur'),
(225, 279, '', 'Navratan Haire Drasser', '9887722646', NULL, '', 'TH.Jhotwara, Mukhay Post-Mundiya Ramsar, jhotwara, ', 'Jaipur'),
(226, 280, '', 'Neeraj Hair Beautu Saloon', '8890371582', NULL, '', 'TH. Kotputli, Main Market Paota, Paota, ', 'Jaipur'),
(227, 281, '', 'New Bombay Hair Dresser', '9269873258', NULL, '', 'Ajazad Choke, NH 8, Kotputli, Kotputli, ', 'Jaipur'),
(228, 282, '', 'New Faishon Jents Parlour', '9680999314', NULL, '', 'Shop No.15, Station Road, station road jaipur, Jaipur - 302006', 'Jaipur'),
(229, 283, '', 'New Gents Parlour', '8133105313', NULL, '', 'Shopping Center, Rakadi Mode Sodala, 3 Laxmi Nagar, Sodala, ', 'Jaipur'),
(230, 284, '', 'New Kalpana Hair Dresser', '9314616990', NULL, '', 'S No-8-9 A, Padmawati Clny, Nirman Ngr, Kings Road, Jaipur - 302019', 'Jaipur'),
(231, 285, '', '07:00 am - 09:00 pm', '9694580826', NULL, '', 'Paota, N.H.8, Kotputli, ', 'Jaipur'),
(232, 286, '', 'New Raj Hair Art & Parlour', '9414359501', NULL, '', 'G-4,Rama Heritage Central Spine, Opp Cine Star, Vidhyadhar Nagar, Vidhyadhar Nagar, ', 'Jaipur'),
(233, 287, '', 'New Star Hair Art', '9214964652', NULL, '', 'Purane Bright Land School KE Saamne, Khatipura, Khatipur, Jaipur - 302017', 'Jaipur'),
(234, 288, '', 'New Style Jents Parlour', '9549777831', NULL, '', 'Shop No.17,18,19, Behind Vaishali Tower, Nursery Circle, JDA Shopping Center, Vaishali Nagar, ', 'Jaipur'),
(235, 289, '', 'Nirmala Hair Dresser', '9251544268', NULL, '', 'Bus Stand Virat Nagar, Virat Nagar, Virat Nagar, ', 'Jaipur'),
(236, 290, '', 'Nitin Hair Dresser', '9571973291', NULL, '', 'Shyam Colony, Paota Kotputli, Kotputli, ', 'Jaipur'),
(237, 291, '', 'OM Hair Drasser', '9413206563', NULL, '', 'M.No. 12, Near Of Bajri Mandi Road, 80 Feet Road, Basant Vihar, Vaishali Nagar, Jaipur - 302021', 'Jaipur'),
(238, 292, '', 'Ompraksh Sain', '9587573386', NULL, '', 'Bhadhaal, Gangori Chock, Renwal, ', 'Jaipur'),
(239, 293, '', 'Pankaj Hair Dresser', '9636779752', NULL, 'Mansarovar', '12/226, Swarn Path, Mansarovar, Jaipur - 302020', 'Jaipur'),
(240, 294, '', 'Pawan Jents Parlour', '7597165076', NULL, '', '1, Sukh Vihar, Gurjar KI Thari, Sodala, ', 'Jaipur'),
(241, 295, '', 'Payal Hair & Beauty Parlours', '9694810251', NULL, '', 'Near Old Petrol Pump, Kalwar Road, Govindpura, Jhotwara, ', 'Jaipur'),
(242, 296, '', 'Pooja Hair Dreeser', '9950756419', NULL, '', 'Village - Ramkui, Dist- Jaipur, Post - Pachar Via- Kalwad, Kalwad, ', 'Jaipur'),
(243, 297, '', 'Pooja Hair Dreeser', '8890704137', NULL, '', 'Village - Ramkui, Dist- Jaipur, Post - Pachar Via- Kalwad, Kalwad, ', 'Jaipur'),
(244, 298, '', 'Pooja Hair Dresar', '9828394982', NULL, '', 'Near Kendra Bank, Main Hardi Road, Kanota, ', 'Jaipur'),
(245, 299, '', 'Pooja Hair Dresar', '9950808405', NULL, '', 'JAI Singhpura Khor, Aara Machine KE Pass, Jaipur City, ', 'Jaipur'),
(246, 300, '', 'Pooja Hair Dresser', '9829313022', NULL, '', 'Bus Stand Boraj, Jobner Road, Bagru, ', 'Jaipur'),
(247, 301, '', 'Pooja Hair Dresser', '0141-2359702', NULL, '', 'Ganga Sagar Thane KE Pass, Vaishali Nagar, Vaishali Nagar, Jaipur - 302021', 'Jaipur'),
(248, 302, '', 'Priya Hair Drasser', '9887365890', NULL, '', 'TH. Virat Nagar Jaipur, NH-13 Alwar Road, Virat Nagar, ', 'Jaipur'),
(249, 303, '', 'Priya Hair Drasser', '9694058223', NULL, '', 'NR. Panchayat Bhawan, Gram- Pragpura Kotputli, Kotputli, ', 'Jaipur'),
(250, 304, '', 'Puja Hair Dresser', '9549866162', NULL, '', 'Plot-20, Near Bus Stand, Dehar K Balaji, Dehar KA Balaji, ', 'Jaipur'),
(251, 305, '', 'R.K hair Art', '9680419457', NULL, 'Mansarovar', 'Swarn path, Mansarovar, Jaipur - 302020 ', 'Jaipur'),
(252, 306, '', 'Rahul Hair Art', '9928648278', NULL, '', 'Near Shri Ram Tent House, Sector-18,Pratap Nagar, Sanganer, ', 'Jaipur'),
(253, 307, '', 'Raj Hair Art', '9314633287', NULL, '', 'Shop No. 133, Behind Rainbow Tower, Amrapali Circle, Gupta Store, Vaishali Nagar, ', 'Jaipur'),
(254, 308, '', 'Raj Hair Dresser', '9929925409', NULL, '', 'Delhi Dharwaja, Kotputli, ', 'Jaipur'),
(255, 309, '', 'Rajesh Beauty Hair & Cayar Point', '7742373349', NULL, '', 'Ram Nagar Sodala, Main Road, jaipur city, ', 'Jaipur'),
(256, 310, '', 'Raju hair dresser', '9772265872', NULL, '', 'Shop no-10/591, Near Kali mata mandir, Malviya Nagar, Jaipur - 302017', 'Jaipur'),
(257, 311, '', 'Ravi Hair Dresser', '9829764969', NULL, '', 'Delhi Road Kotputli, N.H.8 Kotputli, Kotputli, ', 'Jaipur'),
(258, 312, '', 'Rip kala', '9571858477', NULL, '', '13/398, Opp. Nagar nigam, Malviya Nagar, Jaipur - 302017', 'Jaipur'),
(259, 313, '', 'Royal Hair Dresser', '9694327676', NULL, '', 'Bas Road Badanpura, Ramgarh Moad Panch Neem, Amer, ', 'Jaipur'),
(260, 314, '', 'S K Hair Dresser', '9667095658', NULL, '', 'Plot A - 34, Nahir K Naka, By Pass Road, Shastri Nagar, ', 'Jaipur'),
(261, 315, '', 'S. S. Hari Darasser', '9636376365', NULL, '', 'Sirsi Road, 200ft By-Pass, Panchyawala, Jaipur - 302034', 'Jaipur'),
(262, 316, '', 's.s jents Parlor', '9680139443', NULL, 'Mansarovar', 'Swarn path, Mansarovar, Jaipur - 302020', 'Jaipur'),
(263, 317, '', 'Sameer Hair Dresser', '9799588044', NULL, '', 'Village - Ugriwas, Dist- Jaipur, Via - Phulera, Phulera, ', 'Jaipur'),
(264, 318, '', 'Sandeep Gents Palour', '9784094980', NULL, '', 'Shop-4, Panipach Tirah K Pass, jhotwara, ', 'Jaipur'),
(265, 319, '', 'Sangam Gents Beauty Parlour', '9887148728', NULL, '', 'Narena ( Narayana) Tehsil - Phulera, Bus Stand, Phulera, ', 'Jaipur'),
(266, 320, '', 'Sangam Hair Drasser', '7742717571', NULL, 'Shyam Park', 'El -1, Old Vidhya Dhar Nagar, Near Shyam Park, V D Nagar, ', 'Jaipur'),
(267, 321, '', 'Sanjay Hair Dresar', '9694399701', NULL, '', 'Ricco Industrial Area, Raod No. 1, Kanota, ', 'Jaipur'),
(268, 322, '', 'Sanjay Hair Dresser', '0141-609702', NULL, '', 'Pragpura, Paota Kotputli, Kotputli, ', 'Jaipur'),
(269, 323, '', 'Santosh Hair Draseer', '9024167316', NULL, '', 'S-3, Sikar RD, RD No 14 KE Opp:, vishwakarma industrial area, ', 'Jaipur'),
(270, 324, '', 'Sapna Hair Dresar & Parlour', '9828913719', NULL, '', 'Main Bus Stand, Kalwar Road, Govindpura, Jhotwara, ', 'Jaipur'),
(271, 325, '', 'Shalu Hair Dresser', '8058975892', NULL, '', 'Main Bus Stand Paota, Paota Kotputli, Kotputli, ', 'Jaipur'),
(272, 326, '', 'Shiv Hair Dresser', '9636375174', NULL, '', 'Gram- Ramkui Pachar, Dist- Jaipur, Via- Kalwad, Tehsil- Phulera, Kalwad, ', 'Jaipur'),
(273, 327, '', 'Shiv Gents Beauty Salon', '9636208411', NULL, '', 'Laxmi NGR, Chand Chakki RD, NH-8, Kotputli, Jaipur - 303108 ', 'Jaipur'),
(274, 328, '', 'Shankar Jents Parlour', '9887282429', NULL, '', 'Near Axis Bank ATM, Shopur Road, Pratap Nagar, Sanganer, ', 'Jaipur'),
(275, 329, '', 'patrick', '89521451', NULL, '', '', 'jaipur'),
(276, 330, '', 'mukesh', '9874523514', NULL, '', '', 'jaipur'),
(277, 331, '', 'ThankU beauty salon and sap', '9829795836', NULL, '', '', 'Mumbai'),
(279, 332, 'avtar/332_sniper_ghost_warrior_2_game_wallpaper.jpg', 'sudhanshu', '1234567890', '<p><b>&nbsp;This is test Description in the field.</b></p>\r\n <a href="mailto:sudhanshu.saxena@deemtech.com">mail me</a>&nbsp;', 'Raja Park', 'Raja Park', 'Jaipur'),
(280, 333, '', 'supernan', '78001122334', NULL, '', 'Washington, USA', NULL);

-- --------------------------------------------------------

--
-- Table structure for table `YiiSession`
--

CREATE TABLE IF NOT EXISTS `YiiSession` (
  `id` char(32) COLLATE utf8_unicode_ci NOT NULL,
  `expire` int(11) DEFAULT NULL,
  `data` longblob,
  PRIMARY KEY (`id`)
) ENGINE=MyISAM DEFAULT CHARSET=utf8 COLLATE=utf8_unicode_ci;

--
-- Dumping data for table `YiiSession`
--

